Animal_Bear_A_Icon	Honeyvore Bear
Animal_Bear_B_Icon	Grizzlemaw Bear
Animal_Boar_A_Icon	Woodland Boar
Animal_Boar_B_Icon	Red-Tusked Boar
Animal_Bull_A_Icon	Water Buffalo
Animal_Cassowary_A_Icon	Eldin Ostrich
Animal_Cow_A_Icon	Hateno Cow
Animal_Crow_A_Icon	Mountain Crow
Animal_Deer_A_Icon	Mountain Buck
Animal_Doe_A_Icon	Mountain Doe
Animal_Dog_A_Icon	Hylian Retriever
Animal_Elk_A_Icon	Tabantha Moose
Animal_Fox_A_Icon	Grassland Fox
Animal_Fox_B_Icon	Snowcoat Fox
Animal_Goat_A_Icon	White Goat
Animal_Gull_A_Icon	Seagull
Animal_Hawk_A_Icon	Islander Hawk
Animal_Heron_A_Icon	Blue-Winged Heron
Animal_Heron_B_Icon	Pink Heron
Animal_Insect_A	Hot-Footed Frog
Animal_Insect_AA	Energetic Rhino Beetle
Animal_Insect_AB	Smotherwing Butterfly
Animal_Insect_AG	Sticky Frog
Animal_Insect_AH	Sticky Lizard
Animal_Insect_AI	Deep Firefly
Animal_Insect_B	Tireless Frog
Animal_Insect_C	Cold Darner
Animal_Insect_E	Sunset Firefly
Animal_Insect_F	Fairy
Animal_Insect_G	Bladed Rhino Beetle
Animal_Insect_H	Restless Cricket
Animal_Insect_I	Electric Darner
Animal_Insect_M	Hearty Lizard
Animal_Insect_N	Winterwing Butterfly
Animal_Insect_P	Rugged Rhino Beetle
Animal_Insect_Q	Summerwing Butterfly
Animal_Insect_R	Thunderwing Butterfly
Animal_Insect_S	Hightail Lizard
Animal_Insect_T	Warm Darner
Animal_Insect_X	Fireproof Lizard
Animal_Kokko_A_Icon	Cucco
Animal_LittleBird_A_Icon	Common Sparrow
Animal_LittleBird_B_Icon	Red Sparrow
Animal_LittleBird_C_Icon	Blue Sparrow
Animal_LittleBird_D_Icon	Rainbow Sparrow
Animal_LittleBird_E_Icon	Sand Sparrow
Animal_LittleBird_F_Icon	Golden Sparrow
Animal_Pigeon_A_Icon	Wood Pigeon
Animal_Pigeon_B_Icon	Rainbow Pigeon
Animal_Ptarmigan_A_Icon	White Pigeon
Animal_Ptarmigan_B_Icon	Hotfeather Pigeon
Animal_RupeeRabbit_A_Icon	Blupee
Animal_Sheep_A_Icon	Highland Sheep
Animal_SkyCassowary_A_Icon	Forest Ostrich
Animal_SkyGull_A_Icon	Cloud Seagull
Animal_SkyPigeon_A_Icon	Accented Pigeon
Animal_Squirrel_A_Icon	Bushy-Tailed Squirrel
Animal_SunazarashiSP_C_Icon	Patricia
Animal_Sunazarashi_A_Icon	Sand Seal
Animal_WildDuck_A_Icon	Bright-Chested Duck
Animal_WildGoat_A_Icon	Mountain Goat
Animal_Wolf_A_Icon	Maraudo Wolf
Animal_Wolf_B_Icon	Wasteland Coyote
Animal_Wolf_C_Icon	Cold-Footed Wolf
Armor_001_Head	Hylian Hood
Armor_001_Lower	Hylian Trousers
Armor_001_Upper	Hylian Tunic
Armor_005_Head	Stone Treasure Chest : Cap of the Wild
Armor_005_Lower	Stone Treasure Chest : Trousers of the Wild
Armor_005_Upper	Stone Treasure Chest : Tunic of the Wild
Armor_006_Head	Stone Treasure Chest : Zora Helm
Armor_006_Lower	Stone Treasure Chest : Zora Greaves
Armor_008_Head	Desert Voe Headband
Armor_008_Lower	Desert Voe Trousers
Armor_008_Upper	Desert Voe Spaulder
Armor_009_Head	Snowquill Headdress
Armor_009_Lower	Snowquill Trousers
Armor_009_Upper	Snowquill Tunic
Armor_011_Head	Flamebreaker Helm
Armor_011_Lower	Flamebreaker Boots
Armor_011_Upper	Flamebreaker Armor
Armor_012_Head	Stealth Mask
Armor_012_Lower	Stealth Tights
Armor_012_Upper	Stealth Chest Guard
Armor_014_Head	Stone Treasure Chest : Climber's Bandanna
Armor_014_Lower	Stone Treasure Chest : Climbing Boots
Armor_017_Head	Radiant Mask
Armor_017_Lower	Radiant Tights
Armor_017_Upper	Radiant Shirt
Armor_024_Head	Diamond Circlet
Armor_025_Head	Ruby Circlet
Armor_026_Head	Sapphire Circlet
Armor_027_Head	Topaz Earrings
Armor_028_Head	Opal Earrings
Armor_029_Head	Amber Earrings
Armor_046_Head	Stone Treasure Chest : Rubber Helm
Armor_049_Lower	Sand Boots
Armor_1036_Head	Stone Treasure Chest : Ancient Hero's Aspect
Armor_1043_Lower	Stone Treasure Chest : Archaic Legwear
Armor_1043_Upper	Stone Treasure Chest : Archaic Tunic
Armor_1044_Lower	Stone Treasure Chest : Archaic Warm Greaves
Armor_1051_Head	Stone Treasure Chest : Miner's Mask
Armor_1051_Lower	Stone Treasure Chest : Miner's Trousers
Armor_1051_Upper	Stone Treasure Chest : Miner's Top
Armor_1061_Upper	Stone Treasure Chest : Ember Shirt
Armor_1066_Head	Stone Treasure Chest : Charged Headdress
Armor_1066_Lower	Stone Treasure Chest : Charged Trousers
Armor_1066_Upper	Stone Treasure Chest : Charged Shirt
Armor_1071_Head	Stone Treasure Chest : Frostbite Headdress
Armor_1071_Lower	Stone Treasure Chest : Frostbite Trousers
Armor_1071_Upper	Stone Treasure Chest : Frostbite Shirt
Armor_1076_Head	Cece Hat
Armor_1091_Head	Stone Treasure Chest : Zonaite Helm
Armor_1091_Lower	Stone Treasure Chest : Zonaite Shin Guards
Armor_1091_Upper	Stone Treasure Chest : Zonaite Waistguard
Armor_1151_Head	Stone Treasure Chest : Well-Worn Hair Band
Armor_1300_Head	Stone Treasure Chest : Yiga Mask
Armor_1300_Lower	Stone Treasure Chest : Yiga Tights
Armor_1300_Upper	Stone Treasure Chest : Yiga Armor
Armor_141_Lower	Snow Boots
Armor_172_Head	Enemy Treasure Chest : Majora's Mask
Armor_173_Head	Enemy Treasure Chest : Midna's Helmet
Armor_174_Head	Stone Treasure Chest : Tingle's Hood
Armor_176_Head	Enemy Treasure Chest : Korok Mask
Armor_177_Head	Enemy Treasure Chest : Ravio's Hood
Armor_178_Head	Enemy Treasure Chest : Zant's Helmet
Armor_179_Head	Stone Treasure Chest : Royal Guard Cap
Armor_179_Lower	Stone Treasure Chest : Royal Guard Boots
Armor_179_Upper	Royal Guard Uniform
Armor_179_Upper	Stone Treasure Chest : Royal Guard Uniform
Armor_180_Head	Stone Treasure Chest : Evil Spirit Mask
Armor_180_Lower	Stone Treasure Chest : Evil Spirit Greaves
Armor_180_Upper	Stone Treasure Chest : Evil Spirit Armor
Armor_181_Head	Stone Treasure Chest : Vah Ruta Divine Helm
Armor_182_Head	Stone Treasure Chest : Vah Medoh Divine Helm
Armor_183_Head	Stone Treasure Chest : Vah Rudania Divine Helm
Armor_184_Head	Stone Treasure Chest : Vah Naboris Divine Helm
Armor_200_Head	Stone Treasure Chest : Cap of Time
Armor_200_Lower	Stone Treasure Chest : Trousers of Time
Armor_200_Upper	Stone Treasure Chest : Tunic of Time
Armor_205_Head	Stone Treasure Chest : Cap of the Wind
Armor_205_Lower	Stone Treasure Chest : Trousers of the Wind
Armor_205_Upper	Stone Treasure Chest : Tunic of the Wind
Armor_210_Head	Enemy Treasure Chest : Cap of Twilight
Armor_210_Lower	Stone Treasure Chest : Trousers of Twilight
Armor_210_Upper	Stone Treasure Chest : Tunic of Twilight
Armor_215_Head	Stone Treasure Chest : Cap of the Sky
Armor_215_Lower	Stone Treasure Chest : Trousers of the Sky
Armor_215_Upper	Stone Treasure Chest : Tunic of the Sky
Armor_220_Head	Enemy Treasure Chest : Sheik's Mask
Armor_230_Head	Stone Treasure Chest : Cap of the Hero
Armor_230_Lower	Stone Treasure Chest : Trousers of the Hero
Armor_230_Upper	Stone Treasure Chest : Tunic of the Hero
BeeHome	Courser Bee Honey
BombFruit	Blue Bokoblin : Bomb Flower
BombFruit	Bomb Flower
ElectricalFruit	Shock Fruit
Enemy_Assassin_Junior_Icon	Yiga Footsoldier
Enemy_Assassin_Middle_Icon	Yiga Blademaster
Enemy_Assassin_Senior_Icon	Master Kohga
Enemy_Bokoblin_Bone_Junior_Icon	Stalkoblin : Long Stick
Enemy_Bokoblin_Boss_Dark_Icon	Silver Boss Bokoblin : Knight's Broadsword
Enemy_Bokoblin_Boss_Junior_Icon	Boss Bokoblin : Feathered Spear
Enemy_Bokoblin_Boss_Junior_Icon	Boss Bokoblin : Soldier's Claymore
Enemy_Bokoblin_Boss_Junior_Icon	Boss Bokoblin : Soldier's Claymore : Stamella Shroom
Enemy_Bokoblin_Boss_Junior_Icon	Boss Bokoblin : Thick Stick
Enemy_Bokoblin_Boss_Junior_Icon	Boss Bokoblin : Traveler's Claymore
Enemy_Bokoblin_Boss_Junior_Icon	Boss Bokoblin : Traveler's Claymore : Hylian Shroom
Enemy_Bokoblin_Boss_Junior_Icon	Boss Bokoblin : Traveler's Sword
Enemy_Bokoblin_Boss_Middle_Icon	Blue Boss Bokoblin
Enemy_Bokoblin_Boss_Middle_Icon	Blue Boss Bokoblin : Cobble Crusher
Enemy_Bokoblin_Boss_Middle_Icon	Blue Boss Bokoblin : Knight's Claymore
Enemy_Bokoblin_Boss_Middle_Icon	Blue Boss Bokoblin : Knight's Claymore : Fire-Breath Lizalfos Horn
Enemy_Bokoblin_Boss_Middle_Icon	Blue Boss Bokoblin : Soldier's Broadsword
Enemy_Bokoblin_Boss_Middle_Icon	Blue Boss Bokoblin : Soldier's Claymore
Enemy_Bokoblin_Boss_Middle_Icon	Blue Boss Bokoblin : Soldier's Claymore : Electric Lizalfos Horn
Enemy_Bokoblin_Boss_Middle_Icon	Blue Boss Bokoblin : Soldier's Claymore : Roasted Bass
Enemy_Bokoblin_Boss_Middle_Icon	Blue Boss Bokoblin : Sturdy Thick Stick
Enemy_Bokoblin_Boss_Middle_Icon	Blue Boss Bokoblin : Sturdy Thick Stick : Hylian Shroom
Enemy_Bokoblin_Boss_Middle_Icon	Blue Boss Bokoblin : Thick Stick
Enemy_Bokoblin_Boss_Middle_Icon	Blue Boss Bokoblin : Traveler's Claymore
Enemy_Bokoblin_Boss_Middle_Icon	Blue Boss Bokoblin : Traveler's Claymore : Roasted Bass
Enemy_Bokoblin_Boss_Middle_Icon	Blue Boss Bokoblin : Traveler's Sword
Enemy_Bokoblin_Boss_Middle_Icon	Blue Boss Bokoblin : Zora Longsword
Enemy_Bokoblin_Boss_Middle_Icon	Blue Boss Bokoblin : Zora Longsword : Stamella Shroom
Enemy_Bokoblin_Boss_Senior_Icon	Black Boss Bokoblin : Eightfold Longblade
Enemy_Bokoblin_Boss_Senior_Icon	Black Boss Bokoblin : Gerudo Claymore
Enemy_Bokoblin_Boss_Senior_Icon	Black Boss Bokoblin : Gnarled Thick Stick
Enemy_Bokoblin_Boss_Senior_Icon	Black Boss Bokoblin : Gnarled Thick Stick : Silent Shroom
Enemy_Bokoblin_Boss_Senior_Icon	Black Boss Bokoblin : Knight's Broadsword
Enemy_Bokoblin_Boss_Senior_Icon	Black Boss Bokoblin : Knight's Claymore
Enemy_Bokoblin_Boss_Senior_Icon	Black Boss Bokoblin : Knight's Claymore : Silent Shroom
Enemy_Bokoblin_Boss_Senior_Icon	Black Boss Bokoblin : Royal Broadsword
Enemy_Bokoblin_Boss_Senior_Icon	Black Boss Bokoblin : Royal Claymore
Enemy_Bokoblin_Boss_Senior_Icon	Black Boss Bokoblin : Soldier's Broadsword
Enemy_Bokoblin_Boss_Senior_Icon	Black Boss Bokoblin : Soldier's Claymore
Enemy_Bokoblin_Boss_Senior_Icon	Black Boss Bokoblin : Sturdy Thick Stick
Enemy_Bokoblin_Dark_Icon	Armoured Silver Bokoblin : Knight's Broadsword
Enemy_Bokoblin_Dark_Icon	Armoured Silver Bokoblin : Knight's Broadsword : Royal Shield
Enemy_Bokoblin_Dark_Icon	Armoured Silver Bokoblin : Royal Broadsword : Royal Shield
Enemy_Bokoblin_Dark_Icon	Armoured Silver Bokoblin : Sturdy Wooden Stick
Enemy_Bokoblin_Dark_Icon	Silver Bokoblin : Dragonbone Boko Bow
Enemy_Bokoblin_Dark_Icon	Silver Bokoblin : Knight's Broadsword
Enemy_Bokoblin_Dark_Icon	Silver Bokoblin : Royal Broadsword
Enemy_Bokoblin_Dark_Icon	Silver Bokoblin : Royal Broadsword : Dragonbone Boko Shield
Enemy_Bokoblin_Dark_Icon	Silver Bokoblin : Royal Broadsword : Shock Fruit : Dragonbone Boko Shield
Enemy_Bokoblin_Dark_Icon	Silver Bokoblin : Rusty Claymore
Enemy_Bokoblin_Dark_Icon	Silver Bokoblin : Sturdy Wooden Stick
Enemy_Bokoblin_Dark_Icon	Silver Bokoblin : Sturdy Wooden Stick : Dragonbone Boko Shield
Enemy_Bokoblin_Junior_Icon	Armoured Bokoblin
Enemy_Bokoblin_Junior_Icon	Armoured Bokoblin : Soldier's Broadsword : Boko Shield
Enemy_Bokoblin_Junior_Icon	Armoured Bokoblin : Thick Stick
Enemy_Bokoblin_Junior_Icon	Armoured Bokoblin : Traveler's Sword : Traveler's Shield
Enemy_Bokoblin_Junior_Icon	Armoured Bokoblin : Wooden Stick
Enemy_Bokoblin_Junior_Icon	Armoured Bokoblin : Wooden Stick : Boko Shield
Enemy_Bokoblin_Junior_Icon	Bokoblin
Enemy_Bokoblin_Junior_Icon	Bokoblin : Boko Bow
Enemy_Bokoblin_Junior_Icon	Bokoblin : Boko Bow : Bomb Flower
Enemy_Bokoblin_Junior_Icon	Bokoblin : Boko Bow : Fire Fruit
Enemy_Bokoblin_Junior_Icon	Bokoblin : Boko Bow : Ice Fruit
Enemy_Bokoblin_Junior_Icon	Bokoblin : Boko Bow : Shock Fruit
Enemy_Bokoblin_Junior_Icon	Bokoblin : Dragonbone Boko Bow
Enemy_Bokoblin_Junior_Icon	Bokoblin : Falcon Bow
Enemy_Bokoblin_Junior_Icon	Bokoblin : Fire Fruit
Enemy_Bokoblin_Junior_Icon	Bokoblin : Forest Dweller's Sword
Enemy_Bokoblin_Junior_Icon	Bokoblin : Knight's Bow
Enemy_Bokoblin_Junior_Icon	Bokoblin : Knight's Broadsword
Enemy_Bokoblin_Junior_Icon	Bokoblin : Knight's Broadsword : Dragonbone Boko Shield
Enemy_Bokoblin_Junior_Icon	Bokoblin : Long Stick
Enemy_Bokoblin_Junior_Icon	Bokoblin : Royal Broadsword
Enemy_Bokoblin_Junior_Icon	Bokoblin : Shock Fruit
Enemy_Bokoblin_Junior_Icon	Bokoblin : Soldier's Broadsword
Enemy_Bokoblin_Junior_Icon	Bokoblin : Soldier's Spear
Enemy_Bokoblin_Junior_Icon	Bokoblin : Sturdy Thick Stick
Enemy_Bokoblin_Junior_Icon	Bokoblin : Sturdy Wooden Stick : Boko Shield
Enemy_Bokoblin_Junior_Icon	Bokoblin : Thick Stick
Enemy_Bokoblin_Junior_Icon	Bokoblin : Thick Stick : Courser Bee Honey
Enemy_Bokoblin_Junior_Icon	Bokoblin : Traveler's Bow : Fire Fruit
Enemy_Bokoblin_Junior_Icon	Bokoblin : Traveler's Claymore
Enemy_Bokoblin_Junior_Icon	Bokoblin : Traveler's Spear
Enemy_Bokoblin_Junior_Icon	Bokoblin : Traveler's Sword
Enemy_Bokoblin_Junior_Icon	Bokoblin : Traveler's Sword : Traveler's Shield
Enemy_Bokoblin_Junior_Icon	Bokoblin : Wooden Stick
Enemy_Bokoblin_Junior_Icon	Bokoblin : Wooden Stick : Boko Shield
Enemy_Bokoblin_Junior_Icon	Bokoblin : Wooden Stick : Chillshroom
Enemy_Bokoblin_Junior_Icon	Bokoblin : Wooden Stick : Chillshroom : Boko Shield
Enemy_Bokoblin_Junior_Icon	Bokoblin : Wooden Stick : Hylian Shroom : Boko Shield
Enemy_Bokoblin_Junior_Icon	Bokoblin : Wooden Stick : Roasted Bass : Boko Shield
Enemy_Bokoblin_Junior_Icon	Bokoblin : Wooden Stick : Stamella Shroom : Boko Shield
Enemy_Bokoblin_Middle_Icon	Armoured Blue Bokoblin
Enemy_Bokoblin_Middle_Icon	Armoured Blue Bokoblin : Long Stick
Enemy_Bokoblin_Middle_Icon	Armoured Blue Bokoblin : Soldier's Broadsword
Enemy_Bokoblin_Middle_Icon	Armoured Blue Bokoblin : Soldier's Broadsword : Red Chuchu Jelly : Rusty Shield
Enemy_Bokoblin_Middle_Icon	Armoured Blue Bokoblin : Soldier's Broadsword : Rusty Shield
Enemy_Bokoblin_Middle_Icon	Armoured Blue Bokoblin : Soldier's Broadsword : Soldiers Shield
Enemy_Bokoblin_Middle_Icon	Armoured Blue Bokoblin : Soldier's Broadsword : Spiked Boko Shield
Enemy_Bokoblin_Middle_Icon	Armoured Blue Bokoblin : Soldier's Broadsword : Zonaite Shield
Enemy_Bokoblin_Middle_Icon	Armoured Blue Bokoblin : Soldier's Claymore
Enemy_Bokoblin_Middle_Icon	Armoured Blue Bokoblin : Spiked Boko Bow
Enemy_Bokoblin_Middle_Icon	Armoured Blue Bokoblin : Spiked Boko Bow : Shock Fruit
Enemy_Bokoblin_Middle_Icon	Armoured Blue Bokoblin : Sturdy Long Stick
Enemy_Bokoblin_Middle_Icon	Armoured Blue Bokoblin : Sturdy Thick Stick
Enemy_Bokoblin_Middle_Icon	Armoured Blue Bokoblin : Sturdy Wooden Stick
Enemy_Bokoblin_Middle_Icon	Armoured Blue Bokoblin : Sturdy Wooden Stick : Spiked Boko Shield
Enemy_Bokoblin_Middle_Icon	Armoured Blue Bokoblin : Thick Stick
Enemy_Bokoblin_Middle_Icon	Armoured Blue Bokoblin : Traveler's Claymore
Enemy_Bokoblin_Middle_Icon	Armoured Blue Bokoblin : Traveler's Sword
Enemy_Bokoblin_Middle_Icon	Armoured Blue Bokoblin : Traveler's Sword : Soldiers Shield
Enemy_Bokoblin_Middle_Icon	Armoured Blue Bokoblin : Traveler's Sword : Zonaite Shield
Enemy_Bokoblin_Middle_Icon	Armoured Blue Bokoblin : Wooden Stick
Enemy_Bokoblin_Middle_Icon	Armoured Blue Bokoblin : Wooden Stick : Spiked Boko Shield
Enemy_Bokoblin_Middle_Icon	Blue Bokoblin
Enemy_Bokoblin_Middle_Icon	Blue Bokoblin : Boko Bow
Enemy_Bokoblin_Middle_Icon	Blue Bokoblin : Cobble Crusher
Enemy_Bokoblin_Middle_Icon	Blue Bokoblin : Construct Bow
Enemy_Bokoblin_Middle_Icon	Blue Bokoblin : Construct Bow : Fire Fruit
Enemy_Bokoblin_Middle_Icon	Blue Bokoblin : Feathered Edge
Enemy_Bokoblin_Middle_Icon	Blue Bokoblin : Feathered Edge : Soldiers Shield
Enemy_Bokoblin_Middle_Icon	Blue Bokoblin : Feathered Spear
Enemy_Bokoblin_Middle_Icon	Blue Bokoblin : Fire Fruit
Enemy_Bokoblin_Middle_Icon	Blue Bokoblin : Knight's Broadsword
Enemy_Bokoblin_Middle_Icon	Blue Bokoblin : Long Stick
Enemy_Bokoblin_Middle_Icon	Blue Bokoblin : Royal Broadsword : Knight's Shield
Enemy_Bokoblin_Middle_Icon	Blue Bokoblin : Rusty Claymore
Enemy_Bokoblin_Middle_Icon	Blue Bokoblin : Soldier's Broadsword
Enemy_Bokoblin_Middle_Icon	Blue Bokoblin : Soldier's Broadsword : Courser Bee Honey : Soldiers Shield
Enemy_Bokoblin_Middle_Icon	Blue Bokoblin : Soldier's Broadsword : Soldier's Broadsword : Spiked Boko Shield
Enemy_Bokoblin_Middle_Icon	Blue Bokoblin : Soldier's Broadsword : Soldiers Shield
Enemy_Bokoblin_Middle_Icon	Blue Bokoblin : Soldier's Broadsword : Traveler's Shield
Enemy_Bokoblin_Middle_Icon	Blue Bokoblin : Soldier's Claymore
Enemy_Bokoblin_Middle_Icon	Blue Bokoblin : Soldier's Claymore : Hylian Shroom
Enemy_Bokoblin_Middle_Icon	Blue Bokoblin : Soldier's Claymore : Soldier's Claymore
Enemy_Bokoblin_Middle_Icon	Blue Bokoblin : Soldier's Spear
Enemy_Bokoblin_Middle_Icon	Blue Bokoblin : Soldier's Spear : Soldier's Spear
Enemy_Bokoblin_Middle_Icon	Blue Bokoblin : Soldiers Bow
Enemy_Bokoblin_Middle_Icon	Blue Bokoblin : Soldiers Bow : Fire Fruit
Enemy_Bokoblin_Middle_Icon	Blue Bokoblin : Soldiers Bow : Shock Fruit
Enemy_Bokoblin_Middle_Icon	Blue Bokoblin : Spiked Boko Bow
Enemy_Bokoblin_Middle_Icon	Blue Bokoblin : Spiked Boko Bow : Fire Fruit
Enemy_Bokoblin_Middle_Icon	Blue Bokoblin : Spiked Boko Bow : Ice Fruit
Enemy_Bokoblin_Middle_Icon	Blue Bokoblin : Spiked Boko Bow : Shock Fruit
Enemy_Bokoblin_Middle_Icon	Blue Bokoblin : Strong Construct Bow
Enemy_Bokoblin_Middle_Icon	Blue Bokoblin : Sturdy Long Stick
Enemy_Bokoblin_Middle_Icon	Blue Bokoblin : Sturdy Thick Stick
Enemy_Bokoblin_Middle_Icon	Blue Bokoblin : Sturdy Thick Stick : Zonaite
Enemy_Bokoblin_Middle_Icon	Blue Bokoblin : Sturdy Wooden Stick
Enemy_Bokoblin_Middle_Icon	Blue Bokoblin : Sturdy Wooden Stick : Boko Shield
Enemy_Bokoblin_Middle_Icon	Blue Bokoblin : Sturdy Wooden Stick : Hylian Shroom
Enemy_Bokoblin_Middle_Icon	Blue Bokoblin : Sturdy Wooden Stick : Hylian Shroom : Spiked Boko Shield
Enemy_Bokoblin_Middle_Icon	Blue Bokoblin : Sturdy Wooden Stick : Spiked Boko Shield
Enemy_Bokoblin_Middle_Icon	Blue Bokoblin : Sturdy Wooden Stick : Zonaite : Spiked Boko Shield
Enemy_Bokoblin_Middle_Icon	Blue Bokoblin : Thick Stick
Enemy_Bokoblin_Middle_Icon	Blue Bokoblin : Traveler's Claymore
Enemy_Bokoblin_Middle_Icon	Blue Bokoblin : Traveler's Spear
Enemy_Bokoblin_Middle_Icon	Blue Bokoblin : Traveler's Spear : Sunshroom
Enemy_Bokoblin_Middle_Icon	Blue Bokoblin : Traveler's Sword
Enemy_Bokoblin_Middle_Icon	Blue Bokoblin : Traveler's Sword : Soldiers Shield
Enemy_Bokoblin_Middle_Icon	Blue Bokoblin : Traveler's Sword : Sunshroom : Soldiers Shield
Enemy_Bokoblin_Middle_Icon	Blue Bokoblin : Traveler's Sword : Topaz : Soldiers Shield
Enemy_Bokoblin_Middle_Icon	Blue Bokoblin : Traveler's Sword : Traveler's Shield
Enemy_Bokoblin_Middle_Icon	Blue Bokoblin : Wooden Stick
Enemy_Bokoblin_Middle_Icon	Blue Bokoblin : Wooden Stick : Boko Shield
Enemy_Bokoblin_Middle_Icon	Blue Bokoblin : Wooden Stick : Courser Bee Honey
Enemy_Bokoblin_Middle_Icon	Blue Bokoblin : Wooden Stick : Hylian Shroom : Spiked Boko Shield
Enemy_Bokoblin_Middle_Icon	Blue Bokoblin : Wooden Stick : Spiked Boko Shield
Enemy_Bokoblin_Middle_Icon	Blue Bokoblin : Wooden Stick : Wooden Shield
Enemy_Bokoblin_Middle_Icon	Blue Bokoblin : Wooden Stick : Zonaite : Boko Shield
Enemy_Bokoblin_Middle_Icon	Blue Bokoblin : Wooden Stick : Zonaite : Spiked Boko Shield
Enemy_Bokoblin_Senior_Icon	Armoured Black Bokoblin
Enemy_Bokoblin_Senior_Icon	Armoured Black Bokoblin : Gnarled Wooden Stick : Dragonbone Boko Shield
Enemy_Bokoblin_Senior_Icon	Armoured Black Bokoblin : Knight's Broadsword
Enemy_Bokoblin_Senior_Icon	Armoured Black Bokoblin : Knight's Broadsword : Knight's Shield
Enemy_Bokoblin_Senior_Icon	Armoured Black Bokoblin : Knight's Broadsword : Soldiers Shield
Enemy_Bokoblin_Senior_Icon	Armoured Black Bokoblin : Knight's Broadsword : Strong Zonaite Shield
Enemy_Bokoblin_Senior_Icon	Armoured Black Bokoblin : Knight's Broadsword : Zonaite : Knight's Shield
Enemy_Bokoblin_Senior_Icon	Armoured Black Bokoblin : Knight's Halberd
Enemy_Bokoblin_Senior_Icon	Armoured Black Bokoblin : Soldier's Broadsword
Enemy_Bokoblin_Senior_Icon	Armoured Black Bokoblin : Soldier's Broadsword : Knight's Shield
Enemy_Bokoblin_Senior_Icon	Armoured Black Bokoblin : Soldier's Broadsword : Soldiers Shield
Enemy_Bokoblin_Senior_Icon	Armoured Black Bokoblin : Soldier's Broadsword : Strong Zonaite Shield
Enemy_Bokoblin_Senior_Icon	Armoured Black Bokoblin : Sturdy Long Stick
Enemy_Bokoblin_Senior_Icon	Armoured Black Bokoblin : Sturdy Long Stick : Hylian Shroom
Enemy_Bokoblin_Senior_Icon	Armoured Black Bokoblin : Sturdy Thick Stick
Enemy_Bokoblin_Senior_Icon	Armoured Black Bokoblin : Sturdy Thick Stick : Hylian Shroom
Enemy_Bokoblin_Senior_Icon	Armoured Black Bokoblin : Sturdy Wooden Stick
Enemy_Bokoblin_Senior_Icon	Armoured Black Bokoblin : Sturdy Wooden Stick : Dragonbone Boko Shield
Enemy_Bokoblin_Senior_Icon	Black Bokoblin
Enemy_Bokoblin_Senior_Icon	Black Bokoblin : Dragonbone Boko Bow
Enemy_Bokoblin_Senior_Icon	Black Bokoblin : Dragonbone Boko Bow : Fire Fruit
Enemy_Bokoblin_Senior_Icon	Black Bokoblin : Dragonbone Boko Bow : Ice Fruit
Enemy_Bokoblin_Senior_Icon	Black Bokoblin : Dragonbone Boko Bow : Shock Fruit
Enemy_Bokoblin_Senior_Icon	Black Bokoblin : Gerudo Claymore
Enemy_Bokoblin_Senior_Icon	Black Bokoblin : Gerudo Scimitar
Enemy_Bokoblin_Senior_Icon	Black Bokoblin : Gerudo Spear : Zapshroom
Enemy_Bokoblin_Senior_Icon	Black Bokoblin : Gnarled Long Stick
Enemy_Bokoblin_Senior_Icon	Black Bokoblin : Gnarled Wooden Stick : Dragonbone Boko Shield
Enemy_Bokoblin_Senior_Icon	Black Bokoblin : Knight's Bow
Enemy_Bokoblin_Senior_Icon	Black Bokoblin : Knight's Broadsword
Enemy_Bokoblin_Senior_Icon	Black Bokoblin : Knight's Broadsword : Dragonbone Boko Shield
Enemy_Bokoblin_Senior_Icon	Black Bokoblin : Knight's Broadsword : Hylian Shroom : Knight's Shield
Enemy_Bokoblin_Senior_Icon	Black Bokoblin : Knight's Broadsword : Knight's Shield
Enemy_Bokoblin_Senior_Icon	Black Bokoblin : Knight's Broadsword : Soldiers Shield
Enemy_Bokoblin_Senior_Icon	Black Bokoblin : Knight's Broadsword : Stamella Shroom : Soldiers Shield
Enemy_Bokoblin_Senior_Icon	Black Bokoblin : Knight's Claymore
Enemy_Bokoblin_Senior_Icon	Black Bokoblin : Knight's Halberd
Enemy_Bokoblin_Senior_Icon	Black Bokoblin : Royal Broadsword : Knight's Shield
Enemy_Bokoblin_Senior_Icon	Black Bokoblin : Royal Broadsword : Royal Shield
Enemy_Bokoblin_Senior_Icon	Black Bokoblin : Rusty Claymore
Enemy_Bokoblin_Senior_Icon	Black Bokoblin : Shock Fruit
Enemy_Bokoblin_Senior_Icon	Black Bokoblin : Soldier's Broadsword
Enemy_Bokoblin_Senior_Icon	Black Bokoblin : Soldier's Broadsword : Hylian Shroom : Knight's Shield
Enemy_Bokoblin_Senior_Icon	Black Bokoblin : Soldier's Broadsword : Knight's Shield
Enemy_Bokoblin_Senior_Icon	Black Bokoblin : Soldier's Broadsword : Soldiers Shield
Enemy_Bokoblin_Senior_Icon	Black Bokoblin : Soldier's Claymore
Enemy_Bokoblin_Senior_Icon	Black Bokoblin : Sturdy Long Stick
Enemy_Bokoblin_Senior_Icon	Black Bokoblin : Sturdy Thick Stick
Enemy_Bokoblin_Senior_Icon	Black Bokoblin : Sturdy Wooden Stick
Enemy_Bokoblin_Senior_Icon	Black Bokoblin : Sturdy Wooden Stick : Chillshroom : Spiked Boko Shield
Enemy_Bokoblin_Senior_Icon	Black Bokoblin : Sturdy Wooden Stick : Courser Bee Honey : Dragonbone Boko Shield
Enemy_Bokoblin_Senior_Icon	Black Bokoblin : Sturdy Wooden Stick : Dragonbone Boko Shield
Enemy_Bokoblin_Senior_Icon	Black Bokoblin : Sturdy Wooden Stick : Fisherman's Shield
Enemy_Bokoblin_Senior_Icon	Black Bokoblin : Sturdy Wooden Stick : Hylian Shroom
Enemy_Bokoblin_Senior_Icon	Black Bokoblin : Sturdy Wooden Stick : Ice-Breath Lizalfos Horn : Dragonbone Boko Shield
Enemy_Bokoblin_Senior_Icon	Black Bokoblin : Sturdy Wooden Stick : Roasted Porgy
Enemy_Bokoblin_Senior_Icon	Black Bokoblin : Sturdy Wooden Stick : Roasted Porgy : Dragonbone Boko Shield
Enemy_Bokoblin_Senior_Icon	Black Bokoblin : Sturdy Wooden Stick : Silent Shroom : Dragonbone Boko Shield
Enemy_Bokoblin_Senior_Icon	Black Bokoblin : Sturdy Wooden Stick : Silent Shroom : Spiked Boko Shield
Enemy_Bokoblin_Senior_Icon	Black Bokoblin : Sturdy Wooden Stick : Spiked Boko Shield
Enemy_Bokoblin_Senior_Icon	Black Bokoblin : Zora Spear
Enemy_CaveMaster_000_Icon	Bubbulfrog : Ancient Columns Cave
Enemy_CaveMaster_000_Icon	Bubbulfrog : Ancient Tree Stump Cave
Enemy_CaveMaster_000_Icon	Bubbulfrog : Ancient Zora Waterworks
Enemy_CaveMaster_000_Icon	Bubbulfrog : Bottomless Cave
Enemy_CaveMaster_000_Icon	Bubbulfrog : Brightcap Cave
Enemy_CaveMaster_000_Icon	Bubbulfrog : Cave Under Zora's Domain
Enemy_CaveMaster_000_Icon	Bubbulfrog : Cora Lakefront Cave
Enemy_CaveMaster_000_Icon	Bubbulfrog : Dueling Peaks North Cave
Enemy_CaveMaster_000_Icon	Bubbulfrog : East Biron Snowshelf Cave
Enemy_CaveMaster_000_Icon	Bubbulfrog : Hebra Headspring Cave
Enemy_CaveMaster_000_Icon	Bubbulfrog : Hebra Mountains Northwest Cave
Enemy_CaveMaster_000_Icon	Bubbulfrog : Hebra South Summit Cave
Enemy_CaveMaster_000_Icon	Bubbulfrog : Kopeeki Drifts Cave
Enemy_CaveMaster_000_Icon	Bubbulfrog : Lake Hylia Whirlpool Cave
Enemy_CaveMaster_000_Icon	Bubbulfrog : Lake Kilsie Cave
Enemy_CaveMaster_000_Icon	Bubbulfrog : Lindor's Brow Cave
Enemy_CaveMaster_000_Icon	Bubbulfrog : Luto's Channel
Enemy_CaveMaster_000_Icon	Bubbulfrog : Mining Cave
Enemy_CaveMaster_000_Icon	Bubbulfrog : Mount Drena Foothill Cave
Enemy_CaveMaster_000_Icon	Bubbulfrog : North Biron Snowshelf Cave
Enemy_CaveMaster_000_Icon	Bubbulfrog : North Hyrule Plain Cave
Enemy_CaveMaster_000_Icon	Bubbulfrog : Oren Bridge Cave
Enemy_CaveMaster_000_Icon	Bubbulfrog : Passeri Greenbelt Cave
Enemy_CaveMaster_000_Icon	Bubbulfrog : Pit Cave
Enemy_CaveMaster_000_Icon	Bubbulfrog : Ploymus Mountain Cave
Enemy_CaveMaster_000_Icon	Bubbulfrog : Pondside Cave
Enemy_CaveMaster_000_Icon	Bubbulfrog : Pristine Sanctum
Enemy_CaveMaster_000_Icon	Bubbulfrog : Ralis Channel
Enemy_CaveMaster_000_Icon	Bubbulfrog : Ranch Ruins Cave
Enemy_CaveMaster_000_Icon	Bubbulfrog : Rauru Hillside Cave
Enemy_CaveMaster_000_Icon	Bubbulfrog : Reservoir Lakefront Cavern
Enemy_CaveMaster_000_Icon	Bubbulfrog : Rospro Pass Cave
Enemy_CaveMaster_000_Icon	Bubbulfrog : Sage Temple Cave
Enemy_CaveMaster_000_Icon	Bubbulfrog : Sahasra Slope Cave
Enemy_CaveMaster_000_Icon	Bubbulfrog : Satori Mountain Cave
Enemy_CaveMaster_000_Icon	Bubbulfrog : Satori Mountain Foothill Cave
Enemy_CaveMaster_000_Icon	Bubbulfrog : Sturnida Springs Cave
Enemy_CaveMaster_000_Icon	Bubbulfrog : Tabahl Woods Cave
Enemy_CaveMaster_000_Icon	Bubbulfrog : Tabantha Hills Cave
Enemy_CaveMaster_000_Icon	Bubbulfrog : Talonto Peak Cave
Enemy_CaveMaster_000_Icon	Bubbulfrog : Tanagar Canyon East Cave
Enemy_CaveMaster_000_Icon	Bubbulfrog : Tanagar Canyon West Cave
Enemy_CaveMaster_000_Icon	Bubbulfrog : Thundra Plateau Cave
Enemy_CaveMaster_000_Icon	Bubbulfrog : Upland Zorana Byroad
Enemy_CaveMaster_000_Icon	Bubbulfrog : Upland Zorana Foothill Cave
Enemy_CaveMaster_000_Icon	Bubbulfrog : Upland Zorana Mountainside Cave
Enemy_CaveMaster_000_Icon	Bubbulfrog : Upland Zorana Summit Cave
Enemy_CaveMaster_000_Icon	Bubbulfrog : West Lake Totori Cave
Enemy_CaveMaster_000_Icon	Bubbulfrog : Whistling Hill Cave
Enemy_CaveMaster_000_Icon	Bubbulfrog : Yiga Clan Maritta Branch
Enemy_Chuchu_Electric_Junior_Icon	Electric Chuchu
Enemy_Chuchu_Fire_Junior_Icon	Fire Chuchu
Enemy_Chuchu_Ice_Junior_Icon	Ice Chuchu
Enemy_Chuchu_Junior_Icon	Chuchu
Enemy_Dragon_Electric_Icon	Farosh
Enemy_Dragon_Fire_Icon	Dinraal
Enemy_Dragon_Ice_Icon	Naydra
Enemy_Dragon_Light_001_Icon	Light Dragon
Enemy_Drake_Electric_Icon	Thunder Gleeok
Enemy_Drake_Fire_Icon	Flame Gleeok
Enemy_Drake_Ice_Icon	Frost Gleeok
Enemy_Drake_Mix_Icon	King Gleeok
Enemy_DungeonBoss_Gerudo_Icon	Queen Gibdo
Enemy_DungeonBoss_Goron_Icon	Marbled Gohma
Enemy_DungeonBoss_Rito_Icon	Colgera
Enemy_DungeonBoss_Zonau_Icon	Seized Construct
Enemy_DungeonBoss_Zora_Icon	Mucktorok
Enemy_Ganondorf_Icon	Demon King Ganondorf
Enemy_Ganondorf_Miasma_Icon	Demon King Ganondorf (2nd Form)
Enemy_Giant_Bone_Icon	Stalnox
Enemy_Giant_Junior_Icon	Hinox
Enemy_Giant_Middle_Icon	Blue Hinox
Enemy_Giant_Senior_Icon	Black Hinox
Enemy_Golem_Fire_Icon	Igneo Talus
Enemy_Golem_Fort_A_Icon	Battle Talus
Enemy_Golem_Ice_Icon	Frost Talus
Enemy_Golem_Junior_Icon	Stone Talus
Enemy_Golem_Little_Fire_Icon	Igneo Pebblit
Enemy_Golem_Little_Ice_Icon	Frost Pebblit
Enemy_Golem_Little_Icon	Stone Pebblit
Enemy_Golem_Middle_Icon	Stone Talus (Luminous)
Enemy_Golem_Senior_Icon	Stone Talus (Rare)
Enemy_Horablin_Dark_Icon	Silver Horriblin : Knight's Halberd : Rusty Claymore
Enemy_Horablin_Dark_Icon	Silver Horriblin : Royal Halberd
Enemy_Horablin_Dark_Icon	Silver Horriblin : Sturdy Long Stick : Rusty Halberd
Enemy_Horablin_Junior_Icon	Horriblin : Long Stick
Enemy_Horablin_Junior_Icon	Horriblin : Long Stick : Roasted Bass
Enemy_Horablin_Junior_Icon	Horriblin : Long Stick : Rusty Halberd
Enemy_Horablin_Junior_Icon	Horriblin : Long Stick : Stamella Shroom
Enemy_Horablin_Junior_Icon	Horriblin : Sturdy Long Stick
Enemy_Horablin_Junior_Icon	Horriblin : Sturdy Long Stick : Red Chuchu Jelly
Enemy_Horablin_Junior_Icon	Horriblin : Traveler's Spear
Enemy_Horablin_Junior_Icon	Horriblin : Traveler's Spear : Rusty Claymore
Enemy_Horablin_Junior_Icon	Horriblin : Traveler's Spear : Rusty Halberd
Enemy_Horablin_Middle_Icon	Blue Horriblin : Long Stick
Enemy_Horablin_Middle_Icon	Blue Horriblin : Long Stick : Rusty Claymore
Enemy_Horablin_Middle_Icon	Blue Horriblin : Long Stick : Rusty Halberd
Enemy_Horablin_Middle_Icon	Blue Horriblin : Long Stick : Stamella Shroom
Enemy_Horablin_Middle_Icon	Blue Horriblin : Soldier's Spear
Enemy_Horablin_Middle_Icon	Blue Horriblin : Soldier's Spear : Roasted Bass
Enemy_Horablin_Middle_Icon	Blue Horriblin : Soldier's Spear : Rusty Claymore
Enemy_Horablin_Middle_Icon	Blue Horriblin : Soldier's Spear : Rusty Halberd
Enemy_Horablin_Middle_Icon	Blue Horriblin : Sturdy Long Stick
Enemy_Horablin_Middle_Icon	Blue Horriblin : Sturdy Long Stick : Hylian Shroom
Enemy_Horablin_Middle_Icon	Blue Horriblin : Sturdy Long Stick : Rusty Claymore
Enemy_Horablin_Middle_Icon	Blue Horriblin : Sturdy Long Stick : Rusty Halberd
Enemy_Horablin_Middle_Icon	Blue Horriblin : Sturdy Thick Stick
Enemy_Horablin_Middle_Icon	Blue Horriblin : Traveler's Claymore
Enemy_Horablin_Middle_Icon	Blue Horriblin : Traveler's Spear
Enemy_Horablin_Middle_Icon	Blue Horriblin : Traveler's Spear : Rusty Claymore
Enemy_Horablin_Middle_Icon	Blue Horriblin : Traveler's Spear : Rusty Halberd
Enemy_Horablin_Senior_Icon	Black Horriblin
Enemy_Horablin_Senior_Icon	Black Horriblin : Knight's Halberd
Enemy_Horablin_Senior_Icon	Black Horriblin : Knight's Halberd : Rusty Claymore
Enemy_Horablin_Senior_Icon	Black Horriblin : Knight's Halberd : Yellow Chuchu Jelly
Enemy_Horablin_Senior_Icon	Black Horriblin : Soldier's Claymore
Enemy_Horablin_Senior_Icon	Black Horriblin : Soldier's Spear
Enemy_Horablin_Senior_Icon	Black Horriblin : Soldier's Spear : Rusty Claymore
Enemy_Horablin_Senior_Icon	Black Horriblin : Sturdy Long Stick
Enemy_Horablin_Senior_Icon	Black Horriblin : Sturdy Long Stick : Rusty Claymore
Enemy_Horablin_Senior_Icon	Black Horriblin : Sturdy Long Stick : Rusty Halberd
Enemy_Horablin_Senior_Icon	Black Horriblin : Sturdy Long Stick : Stamella Shroom
Enemy_Horablin_Senior_Icon	Black Horriblin : Sturdy Thick Stick
Enemy_Keese_Electric_Icon	Electric Keese
Enemy_Keese_Fire_Icon	Fire Keese
Enemy_Keese_Ice_Icon	Ice Keese
Enemy_Keese_Icon	Keese
Enemy_LikeLike_Crack_Icon	Rock Like
Enemy_LikeLike_Electric_Icon	Shock Like
Enemy_LikeLike_Fire_Icon	Fire Like
Enemy_LikeLike_Ice_Icon	Ice Like
Enemy_LikeLike_Plane_Icon	Like Like
Enemy_LikeLike_Tar_Icon	Sludge Like
Enemy_Lizalfos_Dark_Icon	Silver Lizalfos : Giant Boomerang
Enemy_Lizalfos_Dark_Icon	Silver Lizalfos : Knight's Halberd
Enemy_Lizalfos_Dark_Icon	Silver Lizalfos : Royal Bow : Shock Fruit
Enemy_Lizalfos_Dark_Icon	Silver Lizalfos : Royal Halberd
Enemy_Lizalfos_Dark_Icon	Silver Lizalfos : Sturdy Long Stick
Enemy_Lizalfos_Electric_Icon	Electric Lizalfos
Enemy_Lizalfos_Electric_Icon	Electric Lizalfos : Boomerang
Enemy_Lizalfos_Electric_Icon	Electric Lizalfos : Gerudo Spear
Enemy_Lizalfos_Electric_Icon	Electric Lizalfos : Knight's Broadsword : Knight's Shield
Enemy_Lizalfos_Electric_Icon	Electric Lizalfos : Lizal Boomerang
Enemy_Lizalfos_Electric_Icon	Electric Lizalfos : Lizal Boomerang : Steel Lizal Shield
Enemy_Lizalfos_Electric_Icon	Electric Lizalfos : Long Stick : Rusty Claymore
Enemy_Lizalfos_Electric_Icon	Electric Lizalfos : Soldier's Broadsword : Reinforced Lizal Shield
Enemy_Lizalfos_Electric_Icon	Electric Lizalfos : Soldier's Spear
Enemy_Lizalfos_Electric_Icon	Electric Lizalfos : Sturdy Long Stick
Enemy_Lizalfos_Electric_Icon	Electric Lizalfos : Sturdy Thick Stick
Enemy_Lizalfos_Fire_Icon	Fire-Breath Lizalfos
Enemy_Lizalfos_Fire_Icon	Fire-Breath Lizalfos : Cobble Crusher
Enemy_Lizalfos_Fire_Icon	Fire-Breath Lizalfos : Giant Boomerang
Enemy_Lizalfos_Fire_Icon	Fire-Breath Lizalfos : Knight's Broadsword
Enemy_Lizalfos_Fire_Icon	Fire-Breath Lizalfos : Knight's Halberd
Enemy_Lizalfos_Fire_Icon	Fire-Breath Lizalfos : Lizal Boomerang
Enemy_Lizalfos_Fire_Icon	Fire-Breath Lizalfos : Soldier's Broadsword
Enemy_Lizalfos_Fire_Icon	Fire-Breath Lizalfos : Soldier's Broadsword : Reinforced Lizal Shield
Enemy_Lizalfos_Fire_Icon	Fire-Breath Lizalfos : Soldier's Spear
Enemy_Lizalfos_Fire_Icon	Fire-Breath Lizalfos : Strengthened Lizal Bow : Fire Fruit
Enemy_Lizalfos_Fire_Icon	Fire-Breath Lizalfos : Strong Construct Bow
Enemy_Lizalfos_Fire_Icon	Fire-Breath Lizalfos : Traveler's Claymore
Enemy_Lizalfos_Fire_Icon	Fire-Breath Lizalfos : Traveler's Spear
Enemy_Lizalfos_Fire_Icon	Fire-Breath Lizalfos : Traveler's Sword
Enemy_Lizalfos_Fire_Icon	Fire-Breath Lizalfos : Traveler's Sword : Soldiers Shield
Enemy_Lizalfos_Fire_Icon	Fire-Breath Lizalfos : Traveler's Sword : Sunshroom
Enemy_Lizalfos_Ice_Icon	Ice-Breath Lizalfos
Enemy_Lizalfos_Ice_Icon	Ice-Breath Lizalfos : Feathered Spear
Enemy_Lizalfos_Ice_Icon	Ice-Breath Lizalfos : Giant Boomerang
Enemy_Lizalfos_Ice_Icon	Ice-Breath Lizalfos : Gnarled Wooden Stick : Steel Lizal Shield
Enemy_Lizalfos_Ice_Icon	Ice-Breath Lizalfos : Lizal Boomerang
Enemy_Lizalfos_Ice_Icon	Ice-Breath Lizalfos : Lizal Boomerang : Reinforced Lizal Shield
Enemy_Lizalfos_Ice_Icon	Ice-Breath Lizalfos : Lizal Boomerang : Steel Lizal Shield
Enemy_Lizalfos_Ice_Icon	Ice-Breath Lizalfos : Soldier's Broadsword
Enemy_Lizalfos_Ice_Icon	Ice-Breath Lizalfos : Soldier's Broadsword : Reinforced Lizal Shield
Enemy_Lizalfos_Ice_Icon	Ice-Breath Lizalfos : Soldier's Spear
Enemy_Lizalfos_Ice_Icon	Ice-Breath Lizalfos : Sturdy Long Stick
Enemy_Lizalfos_Ice_Icon	Ice-Breath Lizalfos : Sturdy Long Stick : White Chuchu Jelly
Enemy_Lizalfos_Ice_Icon	Ice-Breath Lizalfos : Sturdy Thick Stick
Enemy_Lizalfos_Ice_Icon	Ice-Breath Lizalfos : Traveler's Claymore
Enemy_Lizalfos_Ice_Icon	Ice-Breath Lizalfos : Traveler's Spear
Enemy_Lizalfos_Junior_Icon	Lizalfos
Enemy_Lizalfos_Junior_Icon	Lizalfos : Boomerang
Enemy_Lizalfos_Junior_Icon	Lizalfos : Boomerang : Hylian Shroom
Enemy_Lizalfos_Junior_Icon	Lizalfos : Boomerang : Lizal Shield
Enemy_Lizalfos_Junior_Icon	Lizalfos : Boomerang : Roasted Bass
Enemy_Lizalfos_Junior_Icon	Lizalfos : Boomerang : Silent Shroom
Enemy_Lizalfos_Junior_Icon	Lizalfos : Knight's Broadsword : Steel Lizal Shield
Enemy_Lizalfos_Junior_Icon	Lizalfos : Lizal Bow
Enemy_Lizalfos_Junior_Icon	Lizalfos : Lizal Bow : Fire Fruit
Enemy_Lizalfos_Junior_Icon	Lizalfos : Lizal Bow : Shock Fruit
Enemy_Lizalfos_Junior_Icon	Lizalfos : Long Stick
Enemy_Lizalfos_Junior_Icon	Lizalfos : Long Stick : Roasted Bass
Enemy_Lizalfos_Junior_Icon	Lizalfos : Royal Halberd
Enemy_Lizalfos_Junior_Icon	Lizalfos : Soldier's Spear
Enemy_Lizalfos_Junior_Icon	Lizalfos : Steel Lizal Bow
Enemy_Lizalfos_Junior_Icon	Lizalfos : Thick Stick
Enemy_Lizalfos_Junior_Icon	Lizalfos : Thick Stick : Roasted Bass
Enemy_Lizalfos_Junior_Icon	Lizalfos : Throwing Spear
Enemy_Lizalfos_Junior_Icon	Lizalfos : Traveler's Bow
Enemy_Lizalfos_Junior_Icon	Lizalfos : Traveler's Bow : Shock Fruit
Enemy_Lizalfos_Junior_Icon	Lizalfos : Traveler's Claymore
Enemy_Lizalfos_Junior_Icon	Lizalfos : Traveler's Spear
Enemy_Lizalfos_Junior_Icon	Lizalfos : Traveler's Sword
Enemy_Lizalfos_Junior_Icon	Lizalfos : Traveler's Sword : Roasted Bass
Enemy_Lizalfos_Junior_Icon	Lizalfos : Zora Spear
Enemy_Lizalfos_Junior_Icon	Lizalfos : Zora Sword
Enemy_Lizalfos_Junior_Icon	Lizalfos : Zora Sword : Opal
Enemy_Lizalfos_Middle_Icon	Blue Lizalfos
Enemy_Lizalfos_Middle_Icon	Blue Lizalfos : Boomerang
Enemy_Lizalfos_Middle_Icon	Blue Lizalfos : Boomerang : Reinforced Lizal Shield
Enemy_Lizalfos_Middle_Icon	Blue Lizalfos : Giant Boomerang
Enemy_Lizalfos_Middle_Icon	Blue Lizalfos : Knight's Halberd
Enemy_Lizalfos_Middle_Icon	Blue Lizalfos : Lizal Boomerang
Enemy_Lizalfos_Middle_Icon	Blue Lizalfos : Lizal Boomerang : Reinforced Lizal Shield
Enemy_Lizalfos_Middle_Icon	Blue Lizalfos : Long Stick
Enemy_Lizalfos_Middle_Icon	Blue Lizalfos : Royal Halberd
Enemy_Lizalfos_Middle_Icon	Blue Lizalfos : Soldier's Broadsword
Enemy_Lizalfos_Middle_Icon	Blue Lizalfos : Soldier's Broadsword : Opal
Enemy_Lizalfos_Middle_Icon	Blue Lizalfos : Soldier's Broadsword : Soldiers Shield
Enemy_Lizalfos_Middle_Icon	Blue Lizalfos : Soldier's Spear
Enemy_Lizalfos_Middle_Icon	Blue Lizalfos : Strengthened Lizal Bow
Enemy_Lizalfos_Middle_Icon	Blue Lizalfos : Strengthened Lizal Bow : Fire Fruit
Enemy_Lizalfos_Middle_Icon	Blue Lizalfos : Strengthened Lizal Bow : Ice Fruit
Enemy_Lizalfos_Middle_Icon	Blue Lizalfos : Strengthened Lizal Bow : Shock Fruit
Enemy_Lizalfos_Middle_Icon	Blue Lizalfos : Sturdy Long Stick
Enemy_Lizalfos_Middle_Icon	Blue Lizalfos : Sturdy Long Stick : Electric Lizalfos Horn
Enemy_Lizalfos_Middle_Icon	Blue Lizalfos : Sturdy Thick Stick
Enemy_Lizalfos_Middle_Icon	Blue Lizalfos : Thick Stick
Enemy_Lizalfos_Middle_Icon	Blue Lizalfos : Traveler's Claymore
Enemy_Lizalfos_Middle_Icon	Blue Lizalfos : Traveler's Spear
Enemy_Lizalfos_Middle_Icon	Blue Lizalfos : Traveler's Sword
Enemy_Lizalfos_Middle_Icon	Blue Lizalfos : Traveler's Sword : Soldiers Shield
Enemy_Lizalfos_Middle_Icon	Blue Lizalfos : Zora Longsword
Enemy_Lizalfos_Middle_Icon	Blue Lizalfos : Zora Spear
Enemy_Lizalfos_Middle_Icon	Blue Lizalfos : Zora Sword
Enemy_Lizalfos_Senior_Icon	Black Lizalfos
Enemy_Lizalfos_Senior_Icon	Black Lizalfos : Gerudo Scimitar
Enemy_Lizalfos_Senior_Icon	Black Lizalfos : Gerudo Spear
Enemy_Lizalfos_Senior_Icon	Black Lizalfos : Giant Boomerang
Enemy_Lizalfos_Senior_Icon	Black Lizalfos : Knight's Broadsword
Enemy_Lizalfos_Senior_Icon	Black Lizalfos : Knight's Broadsword : Knight's Shield
Enemy_Lizalfos_Senior_Icon	Black Lizalfos : Knight's Claymore
Enemy_Lizalfos_Senior_Icon	Black Lizalfos : Knight's Claymore : Hylian Shroom
Enemy_Lizalfos_Senior_Icon	Black Lizalfos : Knight's Halberd
Enemy_Lizalfos_Senior_Icon	Black Lizalfos : Knight's Halberd : Rusty Claymore
Enemy_Lizalfos_Senior_Icon	Black Lizalfos : Lizal Boomerang
Enemy_Lizalfos_Senior_Icon	Black Lizalfos : Lizal Boomerang : Steel Lizal Shield
Enemy_Lizalfos_Senior_Icon	Black Lizalfos : Royal Halberd
Enemy_Lizalfos_Senior_Icon	Black Lizalfos : Soldier's Broadsword
Enemy_Lizalfos_Senior_Icon	Black Lizalfos : Soldier's Broadsword : Knight's Shield
Enemy_Lizalfos_Senior_Icon	Black Lizalfos : Soldier's Spear
Enemy_Lizalfos_Senior_Icon	Black Lizalfos : Steel Lizal Bow
Enemy_Lizalfos_Senior_Icon	Black Lizalfos : Steel Lizal Bow : Fire Fruit
Enemy_Lizalfos_Senior_Icon	Black Lizalfos : Sturdy Long Stick
Enemy_Lizalfos_Senior_Icon	Black Lizalfos : Sturdy Thick Stick
Enemy_Lizalfos_Senior_Icon	Black Lizalfos : Zora Spear
Enemy_Lynel_Dark_Icon	Silver Lynel : Savage Lynel Bow : Royal Broadsword : Savage Lynel Shield
Enemy_Lynel_Junior_Icon	Lynel : Lynel Bow : Soldier's Broadsword : Lynel Shield
Enemy_Lynel_Junior_Icon	Lynel : Lynel Bow : Soldier's Claymore
Enemy_Lynel_Junior_Icon	Lynel : Lynel Bow : Soldier's Spear
Enemy_Lynel_Middle_Icon	Blue-Maned Lynel : Lynel Bow : Soldier's Claymore
Enemy_Lynel_Middle_Icon	Blue-Maned Lynel : Mighty Lynel Bow : Knight's Broadsword : Mighty Lynel Shield
Enemy_Lynel_Middle_Icon	Blue-Maned Lynel : Mighty Lynel Bow : Knight's Claymore
Enemy_Lynel_Middle_Icon	Blue-Maned Lynel : Mighty Lynel Bow : Knight's Halberd
Enemy_Lynel_Middle_Icon	Blue-Maned Lynel : Mighty Lynel Bow : Soldier's Broadsword : Mighty Lynel Shield
Enemy_Lynel_Middle_Icon	Blue-Maned Lynel : Mighty Lynel Bow : Soldier's Claymore
Enemy_Lynel_Senior_Icon	White-Maned Lynel : Mighty Lynel Bow : Knight's Halberd
Enemy_Lynel_Senior_Icon	White-Maned Lynel : Savage Lynel Bow : Knight's Broadsword : Savage Lynel Shield
Enemy_Lynel_Senior_Icon	White-Maned Lynel : Savage Lynel Bow : Royal Broadsword : Savage Lynel Shield
Enemy_Lynel_Senior_Icon	White-Maned Lynel : Savage Lynel Bow : Royal Claymore
Enemy_Lynel_Senior_Icon	White-Maned Lynel : Savage Lynel Bow : Royal Halberd
Enemy_MiddleBoss_Goron_Icon	Moragia
Enemy_Mogurudo_Baby_Junior_Icon	Little Frox
Enemy_Mogurudo_Junior_Icon	Frox
Enemy_Mogurudo_Middle_Icon	Obsidian Frox
Enemy_Mogurudo_Senior_Icon	Blue-White Frox
Enemy_Moriblin_Dark_Icon	Silver Moblin
Enemy_Moriblin_Dark_Icon	Silver Moblin : Cobble Crusher
Enemy_Moriblin_Dark_Icon	Silver Moblin : Knight's Broadsword
Enemy_Moriblin_Dark_Icon	Silver Moblin : Knight's Claymore
Enemy_Moriblin_Dark_Icon	Silver Moblin : Knight's Halberd
Enemy_Moriblin_Dark_Icon	Silver Moblin : Royal Bow : Fire Fruit
Enemy_Moriblin_Dark_Icon	Silver Moblin : Royal Broadsword
Enemy_Moriblin_Dark_Icon	Silver Moblin : Royal Claymore
Enemy_Moriblin_Dark_Icon	Silver Moblin : Royal Halberd
Enemy_Moriblin_Junior_Icon	Moblin
Enemy_Moriblin_Junior_Icon	Moblin : Knight's Claymore
Enemy_Moriblin_Junior_Icon	Moblin : Long Stick
Enemy_Moriblin_Junior_Icon	Moblin : Royal Claymore
Enemy_Moriblin_Junior_Icon	Moblin : Soldier's Broadsword : Traveler's Shield
Enemy_Moriblin_Junior_Icon	Moblin : Soldier's Claymore
Enemy_Moriblin_Junior_Icon	Moblin : Thick Stick
Enemy_Moriblin_Junior_Icon	Moblin : Throwing Spear
Enemy_Moriblin_Junior_Icon	Moblin : Traveler's Claymore
Enemy_Moriblin_Junior_Icon	Moblin : Traveler's Spear
Enemy_Moriblin_Junior_Icon	Moblin : Traveler's Sword
Enemy_Moriblin_Junior_Icon	Moblin : Traveler's Sword : Traveler's Shield
Enemy_Moriblin_Junior_Icon	Moblin : Wooden Stick
Enemy_Moriblin_Junior_Icon	Moblin : Wooden Stick : Wooden Shield
Enemy_Moriblin_Middle_Icon	Blue Moblin
Enemy_Moriblin_Middle_Icon	Blue Moblin : Fire Fruit : Soldier's Claymore
Enemy_Moriblin_Middle_Icon	Blue Moblin : Forest Dweller's Spear
Enemy_Moriblin_Middle_Icon	Blue Moblin : Knight's Claymore
Enemy_Moriblin_Middle_Icon	Blue Moblin : Royal Claymore
Enemy_Moriblin_Middle_Icon	Blue Moblin : Rusty Claymore
Enemy_Moriblin_Middle_Icon	Blue Moblin : Soldier's Broadsword
Enemy_Moriblin_Middle_Icon	Blue Moblin : Soldier's Broadsword : Hylian Shroom : Soldiers Shield
Enemy_Moriblin_Middle_Icon	Blue Moblin : Soldier's Broadsword : Soldiers Shield
Enemy_Moriblin_Middle_Icon	Blue Moblin : Soldier's Claymore
Enemy_Moriblin_Middle_Icon	Blue Moblin : Soldier's Spear
Enemy_Moriblin_Middle_Icon	Blue Moblin : Soldiers Bow
Enemy_Moriblin_Middle_Icon	Blue Moblin : Soldiers Bow : Fire Fruit
Enemy_Moriblin_Middle_Icon	Blue Moblin : Sturdy Long Stick : Zonaite
Enemy_Moriblin_Middle_Icon	Blue Moblin : Sturdy Thick Stick
Enemy_Moriblin_Middle_Icon	Blue Moblin : Sturdy Wooden Stick
Enemy_Moriblin_Middle_Icon	Blue Moblin : Sturdy Wooden Stick : Wooden Shield
Enemy_Moriblin_Middle_Icon	Blue Moblin : Thick Stick
Enemy_Moriblin_Middle_Icon	Blue Moblin : Thick Stick : Zonaite
Enemy_Moriblin_Middle_Icon	Blue Moblin : Throwing Spear
Enemy_Moriblin_Middle_Icon	Blue Moblin : Traveler's Claymore
Enemy_Moriblin_Middle_Icon	Blue Moblin : Traveler's Spear
Enemy_Moriblin_Middle_Icon	Blue Moblin : Traveler's Sword
Enemy_Moriblin_Middle_Icon	Blue Moblin : Traveler's Sword : Hylian Shroom
Enemy_Moriblin_Middle_Icon	Blue Moblin : Traveler's Sword : Soldiers Shield
Enemy_Moriblin_Middle_Icon	Blue Moblin : Wooden Stick : Wooden Shield
Enemy_Moriblin_Senior_Icon	Black Moblin
Enemy_Moriblin_Senior_Icon	Black Moblin : Fire Fruit : Sturdy Thick Stick
Enemy_Moriblin_Senior_Icon	Black Moblin : Fire Fruit : Sturdy Wooden Stick
Enemy_Moriblin_Senior_Icon	Black Moblin : Knight's Broadsword
Enemy_Moriblin_Senior_Icon	Black Moblin : Knight's Broadsword : Knight's Shield
Enemy_Moriblin_Senior_Icon	Black Moblin : Knight's Claymore
Enemy_Moriblin_Senior_Icon	Black Moblin : Knight's Claymore : Knight's Claymore
Enemy_Moriblin_Senior_Icon	Black Moblin : Knight's Halberd
Enemy_Moriblin_Senior_Icon	Black Moblin : Royal Claymore
Enemy_Moriblin_Senior_Icon	Black Moblin : Royal Halberd
Enemy_Moriblin_Senior_Icon	Black Moblin : Soldier's Broadsword
Enemy_Moriblin_Senior_Icon	Black Moblin : Soldier's Broadsword : Knight's Shield
Enemy_Moriblin_Senior_Icon	Black Moblin : Soldier's Claymore
Enemy_Moriblin_Senior_Icon	Black Moblin : Soldier's Spear
Enemy_Moriblin_Senior_Icon	Black Moblin : Sturdy Long Stick
Enemy_Moriblin_Senior_Icon	Black Moblin : Sturdy Thick Stick
Enemy_Moriblin_Senior_Icon	Black Moblin : Sturdy Thick Stick : Fire-Breath Lizalfos Horn
Enemy_Moriblin_Senior_Icon	Black Moblin : Sturdy Wooden Stick
Enemy_Moriblin_Senior_Icon	Black Moblin : Sturdy Wooden Stick : Wooden Shield
Enemy_Octarock_Desert_Icon	Treasure Octorok
Enemy_Octarock_Forest_Icon	Forest Octorok
Enemy_Octarock_Icon	Water Octorok
Enemy_Octarock_Snow_Icon	Snow Octorok
Enemy_Octarock_Stone_Icon	Rock Octorok
Enemy_PhantomGanon_Icon	Phantom Ganon
Enemy_Sandworm_Icon	Molduga
Enemy_Toby_Junior_Icon	Aerocuda
Enemy_Treant_Broadleaf_Icon	Evermean - Hestu
Enemy_Wizzrobe_Electric_Icon	Electric Wizzrobe : Shock Fruit : Zonaite Sword
Enemy_Wizzrobe_Electric_Senior_Icon	Thunder Wizzrobe : Shock Fruit : Magic Rod
Enemy_Wizzrobe_Fire_Icon	Fire Wizzrobe : Fire Fruit : Traveler's Sword
Enemy_Wizzrobe_Fire_Senior_Icon	Meteo Wizzrobe : Fire Fruit : Magic Rod
Enemy_Wizzrobe_Fire_Senior_Icon	Meteo Wizzrobe : Fire Fruit : Soldier's Broadsword
Enemy_Wizzrobe_Ice_Icon	Ice Wizzrobe : Ice Fruit : Traveler's Sword
Enemy_Wizzrobe_Ice_Senior_Icon	Blizzrobe : Ice Fruit : Magic Rod
Enemy_Zombie_Boss_Junior_Icon	Moth Gibdo
Enemy_Zombie_Junior_Icon	Gibdo
Enemy_Zonau_BlockMaster_Junior_Icon	Flux Construct I
Enemy_Zonau_BlockMaster_Middle_Icon	Flux Construct II
Enemy_Zonau_BlockMaster_Senior_Icon	Flux Construct III
Enemy_Zonau_Golem_Junior_Icon	Captain Construct I
Enemy_Zonau_Golem_Middle_Icon	Captain Construct II
Enemy_Zonau_Golem_Middle_Icon	Captain Construct II : Rusty Broadsword
Enemy_Zonau_Golem_Middle_Icon	Captain Construct II : Zonaite Sword
Enemy_Zonau_Golem_Senior_Icon	Captain Construct III
Enemy_Zonau_Golem_Senior_Icon	Captain Construct III : Strong Zonaite Sword
Enemy_Zonau_Robot_Junior_Icon	Soldier Construct I
Enemy_Zonau_Robot_Junior_Icon	Soldier Construct I : Long Stick
Enemy_Zonau_Robot_Junior_Icon	Soldier Construct I : Old Wooden Bow
Enemy_Zonau_Robot_Junior_Icon	Soldier Construct I : Old Wooden Bow : Ice Fruit
Enemy_Zonau_Robot_Junior_Icon	Soldier Construct I : Rusty Broadsword : Old Wooden Shield
Enemy_Zonau_Robot_Junior_Icon	Soldier Construct I : Rusty Broadsword : Rusty Shield
Enemy_Zonau_Robot_Junior_Icon	Soldier Construct I : Rusty Claymore
Enemy_Zonau_Robot_Junior_Icon	Soldier Construct I : Thick Stick
Enemy_Zonau_Robot_Junior_Icon	Soldier Construct I : Wooden Stick
Enemy_Zonau_Robot_Junior_Icon	Soldier Construct I : Wooden Stick : Old Wooden Shield
Enemy_Zonau_Robot_Middle_Icon	Soldier Construct II
Enemy_Zonau_Robot_Middle_Icon	Soldier Construct II : Long Stick
Enemy_Zonau_Robot_Middle_Icon	Soldier Construct II : Rusty Broadsword : Zonaite Shield
Enemy_Zonau_Robot_Middle_Icon	Soldier Construct II : Rusty Claymore
Enemy_Zonau_Robot_Middle_Icon	Soldier Construct II : Rusty Halberd
Enemy_Zonau_Robot_Middle_Icon	Soldier Construct II : Strong Construct Bow
Enemy_Zonau_Robot_Middle_Icon	Soldier Construct II : Strong Construct Bow : Fire Fruit
Enemy_Zonau_Robot_Middle_Icon	Soldier Construct II : Strong Construct Bow : Ice Fruit
Enemy_Zonau_Robot_Middle_Icon	Soldier Construct II : Strong Construct Bow : Shock Fruit
Enemy_Zonau_Robot_Middle_Icon	Soldier Construct II : Sturdy Long Stick
Enemy_Zonau_Robot_Middle_Icon	Soldier Construct II : Sturdy Thick Stick
Enemy_Zonau_Robot_Middle_Icon	Soldier Construct II : Sturdy Wooden Stick
Enemy_Zonau_Robot_Middle_Icon	Soldier Construct II : Sturdy Wooden Stick : Old Wooden Shield
Enemy_Zonau_Robot_Middle_Icon	Soldier Construct II : Thick Stick
Enemy_Zonau_Robot_Middle_Icon	Soldier Construct II : Wooden Stick
Enemy_Zonau_Robot_Middle_Icon	Soldier Construct II : Wooden Stick : Old Wooden Shield
Enemy_Zonau_Robot_Middle_Icon	Soldier Construct II : Zonaite Longsword
Enemy_Zonau_Robot_Middle_Icon	Soldier Construct II : Zonaite Spear
Enemy_Zonau_Robot_Middle_Icon	Soldier Construct II : Zonaite Sword
Enemy_Zonau_Robot_Middle_Icon	Soldier Construct II : Zonaite Sword : Zonaite Shield
Enemy_Zonau_Robot_Senior_Icon	Soldier Construct III : Gerudo Bow
Enemy_Zonau_Robot_Senior_Icon	Soldier Construct III : Gnarled Thick Stick
Enemy_Zonau_Robot_Senior_Icon	Soldier Construct III : Mighty Construct Bow
Enemy_Zonau_Robot_Senior_Icon	Soldier Construct III : Mighty Construct Bow : Fire Fruit
Enemy_Zonau_Robot_Senior_Icon	Soldier Construct III : Mighty Construct Bow : Ice Fruit
Enemy_Zonau_Robot_Senior_Icon	Soldier Construct III : Mighty Construct Bow : Shock Fruit
Enemy_Zonau_Robot_Senior_Icon	Soldier Construct III : Strong Zonaite Longsword
Enemy_Zonau_Robot_Senior_Icon	Soldier Construct III : Strong Zonaite Longsword : Soldier Construct Horn
Enemy_Zonau_Robot_Senior_Icon	Soldier Construct III : Strong Zonaite Spear : Soldier Construct Horn
Enemy_Zonau_Robot_Senior_Icon	Soldier Construct III : Strong Zonaite Sword : Soldier Construct Horn : Strong Zonaite Shield
Enemy_Zonau_Robot_Senior_Icon	Soldier Construct III : Strong Zonaite Sword : Strong Zonaite Shield
Enemy_Zonau_Robot_Senior_Icon	Soldier Construct III : Sturdy Long Stick
Enemy_Zonau_Robot_Senior_Icon	Soldier Construct III : Sturdy Thick Stick
Enemy_Zonau_Robot_Senior_Icon	Soldier Construct III : Sturdy Wooden Stick
Enemy_Zonau_Robot_Senior_Icon	Soldier Construct III : Sturdy Wooden Stick : Old Wooden Shield
Enemy_Zonau_Robot_Senior_Icon	Soldier Construct III : Zonaite Longsword
Enemy_Zonau_Robot_Senior_Icon	Soldier Construct III : Zonaite Longsword : Soldier Construct Horn
Enemy_Zonau_Robot_Senior_Icon	Soldier Construct III : Zonaite Spear : Soldier Construct Horn
Enemy_Zonau_Robot_Senior_Icon	Soldier Construct III : Zonaite Sword : Strong Zonaite Shield
Energy_Material_03	Enemy Treasure Chest : Large Crystallized Charge
Energy_Material_03	Large Crystallized Charge
Energy_Material_03	Stone Treasure Chest : Large Crystallized Charge
Energy_Material_04	Enemy Treasure Chest : Huge Crystallized Charge
FireFruit	Dorrah : Fire Fruit
FireFruit	Fire Fruit
FldObj_HyliaWoodWell_A_02_Icon	Well
FldObj_Pinecone_A_01	Hylian Pine Cone
GameRomHorse00L_Icon	Giant Horse
GameRomHorse01L_Icon	Giant White Stallion
GameRomHorseBone_Icon	Stalhorse
GameRomHorseGold_Icon	Golden Horse
GameRomHorseZelda_Icon	White Horse
Helmet_001	Kosi
Helmet_001	Ponthos
IceFruit	Ice Fruit
Item_Boiled_01	Hard-Boiled Egg
Item_ChilledFish_05	Frozen Porgy
Item_Chilled_02	Icy Prime Meat
Item_Chilled_03	Icy Gourmet Meat
Item_Chilled_05	Frozen Bird Thigh
Item_Enemy_05	Lizalfos Tail
Item_Enemy_106	Bazz : Lizalfos Horn
Item_Enemy_106	Dunma : Lizalfos Horn
Item_Enemy_106	Gaddison : Lizalfos Horn
Item_Enemy_106	Numien : Lizalfos Horn
Item_Enemy_106	Resco : Lizalfos Horn
Item_Enemy_106	Rivan : Lizalfos Horn
Item_Enemy_106	Torfeau : Lizalfos Horn
Item_Enemy_106	Tottika : Lizalfos Horn
Item_Enemy_117	Koltin - Fire Keese Eyeball
Item_Enemy_121	Gibdo Guts
Item_Enemy_123	Gibdo Wing
Item_Enemy_124	Aerocuda Wing
Item_Enemy_130	Stone Treasure Chest : Zonai Charge
Item_Enemy_130	Zonai Charge
Item_Enemy_131	Enemy Treasure Chest : Large Zonai Charge
Item_Enemy_131	Large Zonai Charge
Item_Enemy_131	Stone Treasure Chest : Large Zonai Charge
Item_Enemy_15	Red Chuchu Jelly
Item_Enemy_155	Koltin - Gleeok Thunder Horn
Item_Enemy_156	Koltin - Gleeok Wing
Item_Enemy_16	Yellow Chuchu Jelly
Item_Enemy_166	Soldier Construct Horn
Item_Enemy_17	White Chuchu Jelly
Item_Enemy_18	Keese Wing
Item_Enemy_21	Octorok Eyeball
Item_Enemy_215	Koltin - Lynel Mace Horn
Item_Enemy_228	Stone Treasure Chest : Shard of Dinraal's Spike
Item_Enemy_32	Koltin - Hinox Toenail
Item_Enemy_40	Chuchu Jelly
Item_Enemy_42	Koltin - Ice-Breath Lizalfos Tail
Item_Enemy_57	Octo Balloon
Item_Enemy_58	Kotta : Fire-Breath Lizalfos Horn
Item_Enemy_58	Laine : Fire-Breath Lizalfos Horn
Item_Enemy_58	Lashley : Fire-Breath Lizalfos Horn
Item_Enemy_58	Leena : Fire-Breath Lizalfos Horn
Item_Enemy_58	Liana : Fire-Breath Lizalfos Horn
Item_Enemy_58	Merina : Fire-Breath Lizalfos Horn
Item_Enemy_58	Ploka : Fire-Breath Lizalfos Horn
Item_Enemy_58	Reeza : Fire-Breath Lizalfos Horn
Item_Enemy_58	Stone Treasure Chest : Fire-Breath Lizalfos Horn
Item_Enemy_59	Teake : Ice-Breath Lizalfos Horn : Radiant Shield
Item_Enemy_60	Babi : Electric Lizalfos Horn
Item_Enemy_60	Marta : Electric Lizalfos Horn
Item_Enemy_60	Smaude : Electric Lizalfos Horn
Item_Enemy_60	Stone Treasure Chest : Electric Lizalfos Horn
Item_Enemy_66	Aerocuda Eyeball
Item_Enemy_69	Gibdo Bone
Item_Enemy_77	Mashmo : Bokoblin Horn : Knight's Shield
Item_Enemy_78	Mashmo : Blue Bokoblin Horn : Knight's Shield
Item_FishGet_A	Hyrule Bass
Item_FishGet_AA	Ancient Arowana
Item_FishGet_AC	Glowing Cave Fish
Item_FishGet_B	Hearty Bass
Item_FishGet_C	Chillfin Trout
Item_FishGet_D	Voltfin Trout
Item_FishGet_E	Mighty Carp
Item_FishGet_F	Mighty Porgy
Item_FishGet_G	Armored Porgy
Item_FishGet_H	Armored Carp
Item_FishGet_I	Hearty Salmon
Item_FishGet_J	Sizzlefin Trout
Item_FishGet_L	Staminoka Bass
Item_FishGet_M	Sneaky River Snail
Item_FishGet_X	Stealthfin Trout
Item_FishGet_Z	Sanke Carp
Item_Fruit_A	Apple
Item_Fruit_A	Wooden Barrel : Apple
Item_Fruit_A	Wooden Box : Apple
Item_Fruit_B	Wildberry
Item_Fruit_C	Voltfruit
Item_Fruit_E	Fleet-Lotus Seeds
Item_Fruit_F	Hydromelon
Item_Fruit_G	Palm Fruit
Item_Fruit_H	Mighty Bananas
Item_Fruit_I	Spicy Pepper
Item_Fruit_J	Fortified Pumpkin
Item_Fruit_K	Acorn
Item_Fruit_L	Chickaloo Tree Nut
Item_Fruit_M	Hylian Tomato
Item_Fruit_N	Sun Pumpkin
Item_Fruit_P	Golden Apple
Item_InsectGet_O	Ironshell Crab
Item_Material_01	Cane Sugar
Item_Material_02	Goron Spice
Item_Material_03	Hylian Rice
Item_Material_03	Wooden Barrel : Hylian Rice
Item_Material_04	Bird Egg
Item_Material_05	Fresh Milk
Item_Material_06	Goat Butter
Item_Material_07	Tabantha Wheat
Item_Material_08	Monster Extract
Item_Material_09	Oil Jar
Item_Material_10	Hateno Cheese
Item_Meat_01	Raw Meat
Item_Meat_02	Raw Prime Meat
Item_MushroomGet_D	Rushroom
Item_MushroomGet_K	Brightcap
Item_MushroomGet_K	Wooden Box : Brightcap
Item_Mushroom_A	Stamella Shroom
Item_Mushroom_A	Wooden Box : Stamella Shroom
Item_Mushroom_B	Chillshroom
Item_Mushroom_C	Sunshroom
Item_Mushroom_C	Wooden Box : Sunshroom
Item_Mushroom_E	Hylian Shroom
Item_Mushroom_F	Hearty Truffle
Item_Mushroom_H	Zapshroom
Item_Mushroom_J	Silent Shroom
Item_Mushroom_L	Razorshroom
Item_Mushroom_M	Ironshroom
Item_Mushroom_N	Big Hearty Truffle
Item_Mushroom_O	Endura Shroom
Item_Mushroom_P	Skyshroom
Item_Ore_A	Diamond
Item_Ore_A	Enemy Treasure Chest : Diamond
Item_Ore_A	Stone Treasure Chest : Diamond
Item_Ore_B	Dorrah : Ruby
Item_Ore_B	Ruby
Item_Ore_B	Stone Treasure Chest : Ruby
Item_Ore_C	Sapphire
Item_Ore_C	Stone Treasure Chest : Sapphire
Item_Ore_D	Stone Treasure Chest : Topaz
Item_Ore_D	Topaz
Item_Ore_E	Enemy Treasure Chest : Opal
Item_Ore_E	Opal
Item_Ore_E	Pot : Opal
Item_Ore_E	Stone Treasure Chest : Opal
Item_Ore_E	Wooden Treasure Chest : Opal
Item_Ore_F	Amber
Item_Ore_F	Pot : Amber
Item_Ore_F	Stone Treasure Chest : Amber
Item_Ore_H	Rock Salt
Item_Ore_I	Flint
Item_Ore_J	Stone Treasure Chest : Star Fragment
Item_Ore_L	Stone Treasure Chest : Zonaite
Item_Ore_L	Wooden Box : Zonaite
Item_Ore_L	Zonaite
Item_Ore_M	Large Zonaite
Item_Ore_M	Stone Treasure Chest : Large Zonaite
Item_PlantGet_A	Hyrule Herb
Item_PlantGet_B	Hearty Radish
Item_PlantGet_C	Big Hearty Radish
Item_PlantGet_E	Cool Safflina
Item_PlantGet_F	Warm Safflina
Item_PlantGet_G	Mighty Thistle
Item_PlantGet_H	Armoranth
Item_PlantGet_I	Blue Nightshade
Item_PlantGet_J	Silent Princess
Item_PlantGet_L	Electric Safflina
Item_PlantGet_M	Swift Carrot
Item_PlantGet_O	Swift Violet
Item_PlantGet_Q	Endura Carrot
Item_PlantGet_R	Stone Treasure Chest : Sundelion
Item_PlantGet_R	Sundelion
Item_PlantGet_R	Wooden Box : Sundelion
Item_PlantGet_S	Stambulb
Item_PlantGet_U	Korok Frond
Item_RoastFish_01	Roasted Bass
Item_RoastFish_09	Roasted Porgy
Item_RoastFish_18	Roasted Cave Fish
Item_Roast_01	Seared Steak
Item_Roast_03	Baked Apple
Item_Roast_05	Toasted Hearty Truffle
Item_Roast_06	Toasty Hylian Shroom
Item_Roast_10	Baked Palm Fruit
Item_Roast_32	Toasty Sunshroom
Item_Roast_40	Seared Prime Steak
Item_Roast_41	Roasted Bird Thigh
Item_Roast_45	Seared Gourmet Steak
Item_Roast_56	Toasty Skyshroom
Item_Weapon_01	Stone Treasure Chest : Ancient Blade
LightBall_Large	Giant Brightbloom Seed
LightBall_Large	Wooden Box : Giant Brightbloom Seed
LightBall_Small	Brightbloom Seed
LightFruit	Dazzlefruit
MinusRupee_00	Poe
MinusRupee_01	Large Poe
MinusRupee_02	Grand Poe
Obj_ArrowBundle_A_01	Arrow x 5
Obj_ArrowBundle_A_01	Metal Box : Arrow x 5
Obj_ArrowBundle_A_01	Stone Treasure Chest : Arrow x 5
Obj_ArrowBundle_A_01	Wooden Box : Arrow x 5
Obj_ArrowBundle_A_01	Wooden Treasure Chest : Arrow x 5
Obj_ArrowBundle_A_02	Arrow x 10
Obj_ArrowBundle_A_02	Pot : Arrow x 10
Obj_ArrowBundle_A_02	Stone Treasure Chest : Arrow x 10
Obj_ArrowBundle_A_02	Wooden Box : Arrow x 10
Obj_AutoBuilderDraftAssassin_00	Enemy Treasure Chest : Yiga Schematic
Obj_FireWoodBundle	Wood
Obj_HeartUtuwa_A_01	Heart Container
Obj_KorokNuts	Korok Seed
Obj_KorokNuts	Korok Seed 2x
Obj_Mineral_A_01_Icon	Ore Deposit
Obj_Mineral_A_01_Icon	Ore Deposit : Flint
Obj_Mineral_A_01_Icon	Ore Deposit : Ruby
Obj_Mineral_B_01_Icon	Rare Ore Deposit
Obj_Mineral_B_01_Icon	Rare Ore Deposit : Ruby
Obj_Mineral_C_01_Icon	Luminous Stone Deposit
Obj_Mineral_D_01_Icon	Zonaite Deposit
Obj_SageWill	Enemy Treasure Chest : Sage's Will
Obj_SageWill	Flux Construct Treasure Chest : Sage's Will
Obj_SageWill	Stone Treasure Chest : Sage's Will
Obj_SubstituteCloth_03	Stone Treasure Chest : Royal Hyrulean Fabric
Obj_SubstituteCloth_55	Stone Treasure Chest : Nostalgic Fabric
Obj_TreasureMap_00	Flux Construct Treasure Chest : Old Map - Cap of Twilight
Obj_TreasureMap_00	Flux Construct Treasure Chest : Old Map - Cap of the Hero
Obj_TreasureMap_00	Flux Construct Treasure Chest : Old Map - Cap of the Sky
Obj_TreasureMap_00	Flux Construct Treasure Chest : Old Map - Miner's Mask
Obj_TreasureMap_00	Flux Construct Treasure Chest : Old Map - Miner's Trousers
Obj_TreasureMap_00	Flux Construct Treasure Chest : Old Map - Tunic of Twilight
Obj_TreasureMap_00	Stone Treasure Chest : Old Map - ???
Obj_TreasureMap_00	Stone Treasure Chest : Old Map - Cap of Time
Obj_TreasureMap_00	Stone Treasure Chest : Old Map - Cap of the Wind
Obj_TreasureMap_00	Stone Treasure Chest : Old Map - Miner's Top
Obj_TreasureMap_00	Stone Treasure Chest : Old Map - Sea-Breeze Boomerang
Obj_TreasureMap_00	Stone Treasure Chest : Old Map - Sword of the Hero
Obj_TreasureMap_00	Stone Treasure Chest : Old Map - Trousers of Twilight
Obj_TreasureMap_00	Stone Treasure Chest : Old Map - Trousers of the Sky
Obj_TreasureMap_00	Stone Treasure Chest : Old Map - Trousers of the Wild
Obj_TreasureMap_00	Stone Treasure Chest : Old Map - Trousers of the Wind
Obj_TreasureMap_00	Stone Treasure Chest : Old Map - Tunic of the Wind
Obj_WarpDLC_Prototype	Stone Treasure Chest : Travel Medallion Prototype
PutRupee	Pot : Green Rupee
PutRupee_Blue	Pot : Blue Rupee
PutRupee_Gold	Stone Treasure Chest : Gold Rupee
PutRupee_Purple	Stone Treasure Chest : Purple Rupee
PutRupee_Red	Pot : Red Rupee
PutRupee_Red	Stone Treasure Chest : Red Rupee
PutRupee_Silver	Stone Treasure Chest : Silver Rupee
SpObj_BalloonEnvelope_Capsule_A_01	Recycle Box : Balloon : Fan : Big Wheel : Stabilizer
SpObj_BalloonEnvelope_Capsule_A_01	Recycle Box : Balloon : Fan : Portable Pot : Time Bomb
SpObj_Beamos_Capsule_A_01	Beam Emitter
SpObj_Beamos_Capsule_A_01	Recycle Box : Beam Emitter : Sled : Mirror : Steering Stick : Stake
SpObj_Cannon_Capsule_A_01	Cannon
SpObj_Cannon_Capsule_A_01	Recycle Box : Cannon : Wing : Spring : Time Bomb
SpObj_Cart_Capsule_A_01	Recycle Box : Cart : Wing : Fan : Beam Emitter
SpObj_Chaser_Capsule_A_01	Recycle Box : Homing Cart : Beam Emitter : Flame Emitter : Frost Emitter : Time Bomb
SpObj_Chaser_Capsule_A_01	Recycle Box : Homing Cart : Stake : Cart : Cannon : Construct Head
SpObj_ControlStick_Capsule_A_01	Recycle Box : Steering Stick : Small Wheel : Cannon : Light
SpObj_ControlStick_Capsule_A_01	Steering Stick
SpObj_CookSet_Capsule_A_01	Portable Pot
SpObj_CookSet_Capsule_A_01	Stone Treasure Chest : Portable Pot
SpObj_ElectricBoxGenerator_Capsule_A_01	Recycle Box : Shock Emitter : Fan : Portable Pot : Battery
SpObj_ElectricBoxGenerator_Capsule_A_01	Recycle Box : Shock Emitter : Light : Steering Stick : Homing Cart
SpObj_ElectricBoxGenerator_Capsule_A_01	Stone Treasure Chest : Shock Emitter
SpObj_EnergyBank_Capsule_A_01	Battery
SpObj_EnergyBank_Capsule_A_02	Stone Treasure Chest : Big Battery
SpObj_FastWheel_Capsule_A_01	Small Wheel
SpObj_FastWheel_Capsule_B_01	Big Wheel
SpObj_FastWheel_Capsule_B_01	Recycle Box : Big Wheel : Hydrant : Battery : Fan
SpObj_FastWheel_Capsule_B_01	Recycle Box : Big Wheel : Steering Stick : Portable Pot : Battery
SpObj_FlameThrower_Capsule_A_01	Flame Emitter
SpObj_FlameThrower_Capsule_A_01	Recycle Box : Flame Emitter : Fan : Portable Pot
SpObj_FlameThrower_Capsule_A_01	Recycle Box : Flame Emitter : Wing : Fan : Portable Pot
SpObj_FlameThrower_Capsule_A_01	Stone Treasure Chest : Flame Emitter
SpObj_FlashLight_Capsule_A_01	Recycle Box : Light : Flame Emitter : Battery : Construct Head
SpObj_FloatingStone_Capsule_A_01	Recycle Box : Hover Stone : Time Bomb : Homing Cart : Hydrant
SpObj_GolemHead_Capsule_A_01	Recycle Box : Construct Head : Cart : Balloon : Stabilizer : Hydrant
SpObj_LiftGeneratorWing_Capsule_A_01	Recycle Box : Wing : Cart : Fan : Steering Stick
SpObj_LiftGeneratorWing_Capsule_A_01	Recycle Box : Wing : Frost Emitter : Small Wheel : Mirror
SpObj_LiftGeneratorWing_Capsule_A_01	Recycle Box : Wing : Sled : Fan : Cart : Light
SpObj_LiftGeneratorWing_Capsule_A_01	Recycle Box : Wing : Small Wheel : Big Wheel : Rocket : Steering Stick : Construct Head
SpObj_LiftableWaterPump_Capsule_A_01	Hydrant
SpObj_LightMirror_A_01	Dorrah
SpObj_LightMirror_Capsule_A_01	Mirror
SpObj_LightMirror_Capsule_A_01	Recycle Box : Mirror : Balloon : Spring : Wing : Hover Stone
SpObj_Pile_Capsule_A_01	Recycle Box : Stake : Big Wheel : Spring : Portable Pot : Battery
SpObj_Pile_Capsule_A_01	Recycle Box : Stake : Shock Emitter : Sled : Stabilizer : Frost Emitter
SpObj_Pile_Capsule_A_01	Stake
SpObj_Rocket_Capsule_A_01	Recycle Box : Rocket : Flame Emitter : Portable Pot : Time Bomb
SpObj_Rocket_Capsule_A_01	Rocket
SpObj_SnowMachine_Capsule_A_01	Recycle Box : Frost Emitter : Wing : Battery : Mirror
SpObj_SnowMachine_Capsule_A_01	Stone Treasure Chest : Frost Emitter
SpObj_SpringPiston_Capsule_A_01	Recycle Box : Spring : Hydrant : Beam Emitter : Steering Stick
SpObj_TimerBomb_Capsule_A_01	Recycle Box : Time Bomb : Small Wheel : Light : Rocket
SpObj_TimerBomb_Capsule_A_01	Time Bomb
SpObj_WindGenerator_Capsule_A_01	Fan
SpObj_WindGenerator_Capsule_A_01	Recycle Box : Fan : Hover Stone : Wing : Battery : Stabilizer
SpObj_WindGenerator_Capsule_A_01	Recycle Box : Fan : Small Wheel : Balloon : Big Wheel : Rocket : Steering Stick
TBox_Field_Enemy_Icon	Enemy Treasure Chest : Bomb Flower
TBox_Field_Enemy_Icon	Enemy Treasure Chest : Boomerang
TBox_Field_Enemy_Icon	Enemy Treasure Chest : Dragonbone Boko Bow
TBox_Field_Enemy_Icon	Enemy Treasure Chest : Eightfold Longblade
TBox_Field_Enemy_Icon	Enemy Treasure Chest : Feathered Edge
TBox_Field_Enemy_Icon	Enemy Treasure Chest : Feathered Spear
TBox_Field_Enemy_Icon	Enemy Treasure Chest : Forest Dweller's Spear
TBox_Field_Enemy_Icon	Enemy Treasure Chest : Gerudo Spear
TBox_Field_Enemy_Icon	Enemy Treasure Chest : Gnarled Long Stick
TBox_Field_Enemy_Icon	Enemy Treasure Chest : Gnarled Thick Stick
TBox_Field_Enemy_Icon	Enemy Treasure Chest : Gnarled Wooden Stick
TBox_Field_Enemy_Icon	Enemy Treasure Chest : Knight's Bow
TBox_Field_Enemy_Icon	Enemy Treasure Chest : Knight's Claymore
TBox_Field_Enemy_Icon	Enemy Treasure Chest : Knight's Halberd
TBox_Field_Enemy_Icon	Enemy Treasure Chest : Knight's Shield
TBox_Field_Enemy_Icon	Enemy Treasure Chest : Lizal Boomerang
TBox_Field_Enemy_Icon	Enemy Treasure Chest : Lynel Bow
TBox_Field_Enemy_Icon	Enemy Treasure Chest : Phrenic Bow
TBox_Field_Enemy_Icon	Enemy Treasure Chest : Royal Claymore
TBox_Field_Enemy_Icon	Enemy Treasure Chest : Royal Halberd
TBox_Field_Enemy_Icon	Enemy Treasure Chest : Ruby
TBox_Field_Enemy_Icon	Enemy Treasure Chest : Sapphire
TBox_Field_Enemy_Icon	Enemy Treasure Chest : Soldier's Claymore
TBox_Field_Enemy_Icon	Enemy Treasure Chest : Soldier's Spear
TBox_Field_Enemy_Icon	Enemy Treasure Chest : Soldiers Shield
TBox_Field_Enemy_Icon	Enemy Treasure Chest : Steel Lizal Shield
TBox_Field_Enemy_Icon	Enemy Treasure Chest : Sturdy Long Stick
TBox_Field_Enemy_Icon	Enemy Treasure Chest : Sturdy Thick Stick
TBox_Field_Enemy_Icon	Enemy Treasure Chest : Sturdy Wooden Stick
TBox_Field_Enemy_Icon	Enemy Treasure Chest : Thick Stick
TBox_Field_Enemy_Icon	Enemy Treasure Chest : Throwing Spear
TBox_Field_Enemy_Icon	Enemy Treasure Chest : Topaz
TBox_Field_Enemy_Icon	Enemy Treasure Chest : Traveler's Spear
TBox_Field_Enemy_Icon	Enemy Treasure Chest : Traveler's Sword
TBox_Field_Enemy_Icon	Enemy Treasure Chest : Wooden Stick
TBox_Field_Iron_Icon	Treasure Chest : Amber
TBox_Field_Iron_Icon	Treasure Chest : Ancient Blade
TBox_Field_Iron_Icon	Treasure Chest : Arrow x 10
TBox_Field_Iron_Icon	Treasure Chest : Arrow x 5
TBox_Field_Iron_Icon	Treasure Chest : Barbarian Armor
TBox_Field_Iron_Icon	Treasure Chest : Barbarian Helm
TBox_Field_Iron_Icon	Treasure Chest : Barbarian Leg Wraps
TBox_Field_Iron_Icon	Treasure Chest : Battery
TBox_Field_Iron_Icon	Treasure Chest : Beam Emitter
TBox_Field_Iron_Icon	Treasure Chest : Big Battery
TBox_Field_Iron_Icon	Treasure Chest : Blue Rupee
TBox_Field_Iron_Icon	Treasure Chest : Bomb Flower
TBox_Field_Iron_Icon	Treasure Chest : Boomerang
TBox_Field_Iron_Icon	Treasure Chest : Brightbloom Seed
TBox_Field_Iron_Icon	Treasure Chest : Cannon
TBox_Field_Iron_Icon	Treasure Chest : Cart
TBox_Field_Iron_Icon	Treasure Chest : Champion's Leathers
TBox_Field_Iron_Icon	Treasure Chest : Climbing Gear
TBox_Field_Iron_Icon	Treasure Chest : Cobble Crusher
TBox_Field_Iron_Icon	Treasure Chest : Diamond
TBox_Field_Iron_Icon	Treasure Chest : Eightfold Longblade
TBox_Field_Iron_Icon	Treasure Chest : Elixir
TBox_Field_Iron_Icon	Treasure Chest : Ember Headdress
TBox_Field_Iron_Icon	Treasure Chest : Ember Trousers
TBox_Field_Iron_Icon	Treasure Chest : Fan
TBox_Field_Iron_Icon	Treasure Chest : Feathered Spear
TBox_Field_Iron_Icon	Treasure Chest : Fierce Deity Armor
TBox_Field_Iron_Icon	Treasure Chest : Fierce Deity Boots
TBox_Field_Iron_Icon	Treasure Chest : Fierce Deity Mask
TBox_Field_Iron_Icon	Treasure Chest : Fierce Deity Sword
TBox_Field_Iron_Icon	Treasure Chest : Fisherman's Shield
TBox_Field_Iron_Icon	Treasure Chest : Flame Emitter
TBox_Field_Iron_Icon	Treasure Chest : Forest Dweller's Bow
TBox_Field_Iron_Icon	Treasure Chest : Forest Dweller's Spear
TBox_Field_Iron_Icon	Treasure Chest : Forest Dweller's Sword
TBox_Field_Iron_Icon	Treasure Chest : Gerudo Bow
TBox_Field_Iron_Icon	Treasure Chest : Gerudo Claymore
TBox_Field_Iron_Icon	Treasure Chest : Gerudo Scimitar
TBox_Field_Iron_Icon	Treasure Chest : Gerudo Shield
TBox_Field_Iron_Icon	Treasure Chest : Gerudo Spear
TBox_Field_Iron_Icon	Treasure Chest : Giant Boomerang
TBox_Field_Iron_Icon	Treasure Chest : Giant Brightbloom Seed
TBox_Field_Iron_Icon	Treasure Chest : Gnarled Thick Stick
TBox_Field_Iron_Icon	Treasure Chest : Gnarled Wooden Stick
TBox_Field_Iron_Icon	Treasure Chest : Gold Rupee
TBox_Field_Iron_Icon	Treasure Chest : Green Rupee
TBox_Field_Iron_Icon	Treasure Chest : Hover Stone
TBox_Field_Iron_Icon	Treasure Chest : Hydrant
TBox_Field_Iron_Icon	Treasure Chest : Island Lobster Shirt
TBox_Field_Iron_Icon	Treasure Chest : Knight's Bow
TBox_Field_Iron_Icon	Treasure Chest : Knight's Broadsword
TBox_Field_Iron_Icon	Treasure Chest : Knight's Claymore
TBox_Field_Iron_Icon	Treasure Chest : Knight's Halberd
TBox_Field_Iron_Icon	Treasure Chest : Knight's Shield
TBox_Field_Iron_Icon	Treasure Chest : Large Zonai Charge
TBox_Field_Iron_Icon	Treasure Chest : Large Zonaite
TBox_Field_Iron_Icon	Treasure Chest : Light
TBox_Field_Iron_Icon	Treasure Chest : Lizal Boomerang
TBox_Field_Iron_Icon	Treasure Chest : Long Stick
TBox_Field_Iron_Icon	Treasure Chest : Lynel Bow
TBox_Field_Iron_Icon	Treasure Chest : Mask of Awakening
TBox_Field_Iron_Icon	Treasure Chest : Mighty Construct Bow
TBox_Field_Iron_Icon	Treasure Chest : Mighty Lynel Bow
TBox_Field_Iron_Icon	Treasure Chest : Mighty Zonaite Longsword
TBox_Field_Iron_Icon	Treasure Chest : Mighty Zonaite Shield
TBox_Field_Iron_Icon	Treasure Chest : Mighty Zonaite Spear
TBox_Field_Iron_Icon	Treasure Chest : Mighty Zonaite Sword
TBox_Field_Iron_Icon	Treasure Chest : Mirror
TBox_Field_Iron_Icon	Treasure Chest : Old Map - ???
TBox_Field_Iron_Icon	Treasure Chest : Old Map - Cap of the Wild
TBox_Field_Iron_Icon	Treasure Chest : Old Map - Midna's Helmet
TBox_Field_Iron_Icon	Treasure Chest : Old Map - Ravio's Hood
TBox_Field_Iron_Icon	Treasure Chest : Old Map - Sea-Breeze Shield
TBox_Field_Iron_Icon	Treasure Chest : Old Map - Trousers of Time
TBox_Field_Iron_Icon	Treasure Chest : Old Map - Trousers of the Hero
TBox_Field_Iron_Icon	Treasure Chest : Old Map - Tunic of Time
TBox_Field_Iron_Icon	Treasure Chest : Old Map - Tunic of the Hero
TBox_Field_Iron_Icon	Treasure Chest : Old Map - Tunic of the Sky
TBox_Field_Iron_Icon	Treasure Chest : Old Map - Tunic of the Wild
TBox_Field_Iron_Icon	Treasure Chest : Opal
TBox_Field_Iron_Icon	Treasure Chest : Phantom Armor
TBox_Field_Iron_Icon	Treasure Chest : Phantom Greaves
TBox_Field_Iron_Icon	Treasure Chest : Phantom Helmet
TBox_Field_Iron_Icon	Treasure Chest : Phrenic Bow
TBox_Field_Iron_Icon	Treasure Chest : Portable Pot
TBox_Field_Iron_Icon	Treasure Chest : Purple Rupee
TBox_Field_Iron_Icon	Treasure Chest : Radiant Shield
TBox_Field_Iron_Icon	Treasure Chest : Red Rupee
TBox_Field_Iron_Icon	Treasure Chest : Rocket
TBox_Field_Iron_Icon	Treasure Chest : Royal Bow
TBox_Field_Iron_Icon	Treasure Chest : Royal Broadsword
TBox_Field_Iron_Icon	Treasure Chest : Royal Claymore
TBox_Field_Iron_Icon	Treasure Chest : Royal Guard's Spear
TBox_Field_Iron_Icon	Treasure Chest : Royal Halberd
TBox_Field_Iron_Icon	Treasure Chest : Royal Shield
TBox_Field_Iron_Icon	Treasure Chest : Rubber Armor
TBox_Field_Iron_Icon	Treasure Chest : Rubber Tights
TBox_Field_Iron_Icon	Treasure Chest : Ruby
TBox_Field_Iron_Icon	Treasure Chest : Sage's Will
TBox_Field_Iron_Icon	Treasure Chest : Sapphire
TBox_Field_Iron_Icon	Treasure Chest : Shield of the Mind's Eye
TBox_Field_Iron_Icon	Treasure Chest : Silver Rupee
TBox_Field_Iron_Icon	Treasure Chest : Soldier's Armor
TBox_Field_Iron_Icon	Treasure Chest : Soldier's Broadsword
TBox_Field_Iron_Icon	Treasure Chest : Soldier's Claymore
TBox_Field_Iron_Icon	Treasure Chest : Soldier's Greaves
TBox_Field_Iron_Icon	Treasure Chest : Soldier's Helm
TBox_Field_Iron_Icon	Treasure Chest : Soldier's Spear
TBox_Field_Iron_Icon	Treasure Chest : Soldiers Bow
TBox_Field_Iron_Icon	Treasure Chest : Soldiers Shield
TBox_Field_Iron_Icon	Treasure Chest : Spiked Boko Bow
TBox_Field_Iron_Icon	Treasure Chest : Stabilizer
TBox_Field_Iron_Icon	Treasure Chest : Stake
TBox_Field_Iron_Icon	Treasure Chest : Star Fragment
TBox_Field_Iron_Icon	Treasure Chest : Steering Stick
TBox_Field_Iron_Icon	Treasure Chest : Strong Construct Bow
TBox_Field_Iron_Icon	Treasure Chest : Strong Zonaite Longsword
TBox_Field_Iron_Icon	Treasure Chest : Strong Zonaite Shield
TBox_Field_Iron_Icon	Treasure Chest : Strong Zonaite Spear
TBox_Field_Iron_Icon	Treasure Chest : Sturdy Long Stick
TBox_Field_Iron_Icon	Treasure Chest : Sturdy Thick Stick
TBox_Field_Iron_Icon	Treasure Chest : Sturdy Wooden Stick
TBox_Field_Iron_Icon	Treasure Chest : Thick Stick
TBox_Field_Iron_Icon	Treasure Chest : Throwing Spear
TBox_Field_Iron_Icon	Treasure Chest : Tingle's Shirt
TBox_Field_Iron_Icon	Treasure Chest : Tingle's Tights
TBox_Field_Iron_Icon	Treasure Chest : Topaz
TBox_Field_Iron_Icon	Treasure Chest : Traveler's Claymore
TBox_Field_Iron_Icon	Treasure Chest : Traveler's Sword
TBox_Field_Iron_Icon	Treasure Chest : Trousers of Awakening
TBox_Field_Iron_Icon	Treasure Chest : Tunic of Awakening
TBox_Field_Iron_Icon	Treasure Chest : Wing
TBox_Field_Iron_Icon	Treasure Chest : Wooden Bow
TBox_Field_Iron_Icon	Treasure Chest : Wooden Stick
TBox_Field_Iron_Icon	Treasure Chest : Zonai Charge
TBox_Field_Iron_Icon	Treasure Chest : Zonaite
TBox_Field_Iron_Icon	Treasure Chest : Zonaite Bow
TBox_Field_Iron_Icon	Treasure Chest : Zora Spear
TBox_Field_Iron_Icon	Treasure Chest : Zora Sword
TBox_Field_Iron_Icon	Wooden Treasure Chest : Amber
TBox_Field_Iron_Icon	Wooden Treasure Chest : Arrow x 10
TBox_Field_Iron_Icon	Wooden Treasure Chest : Arrow x 5
TBox_Field_Iron_Icon	Wooden Treasure Chest : Balloon
TBox_Field_Iron_Icon	Wooden Treasure Chest : Bomb Flower
TBox_Field_Iron_Icon	Wooden Treasure Chest : Dragonbone Boko Bow
TBox_Field_Iron_Icon	Wooden Treasure Chest : Dragonbone Boko Shield
TBox_Field_Iron_Icon	Wooden Treasure Chest : Emblazoned Shield
TBox_Field_Iron_Icon	Wooden Treasure Chest : Flame Emitter
TBox_Field_Iron_Icon	Wooden Treasure Chest : Frost Emitter
TBox_Field_Iron_Icon	Wooden Treasure Chest : Gerudo Bow
TBox_Field_Iron_Icon	Wooden Treasure Chest : Gerudo Scimitar
TBox_Field_Iron_Icon	Wooden Treasure Chest : Giant Boomerang
TBox_Field_Iron_Icon	Wooden Treasure Chest : Gnarled Wooden Stick
TBox_Field_Iron_Icon	Wooden Treasure Chest : Knight's Bow
TBox_Field_Iron_Icon	Wooden Treasure Chest : Knight's Broadsword
TBox_Field_Iron_Icon	Wooden Treasure Chest : Knight's Claymore
TBox_Field_Iron_Icon	Wooden Treasure Chest : Large Zonai Charge
TBox_Field_Iron_Icon	Wooden Treasure Chest : Large Zonaite
TBox_Field_Iron_Icon	Wooden Treasure Chest : Lizal Boomerang
TBox_Field_Iron_Icon	Wooden Treasure Chest : Luminous Stone
TBox_Field_Iron_Icon	Wooden Treasure Chest : Lynel Bow
TBox_Field_Iron_Icon	Wooden Treasure Chest : Opal
TBox_Field_Iron_Icon	Wooden Treasure Chest : Phrenic Bow
TBox_Field_Iron_Icon	Wooden Treasure Chest : Purple Rupee
TBox_Field_Iron_Icon	Wooden Treasure Chest : Radiant Shield
TBox_Field_Iron_Icon	Wooden Treasure Chest : Red Rupee
TBox_Field_Iron_Icon	Wooden Treasure Chest : Reinforced Lizal Shield
TBox_Field_Iron_Icon	Wooden Treasure Chest : Rock Salt
TBox_Field_Iron_Icon	Wooden Treasure Chest : Royal Bow
TBox_Field_Iron_Icon	Wooden Treasure Chest : Royal Broadsword
TBox_Field_Iron_Icon	Wooden Treasure Chest : Royal Shield
TBox_Field_Iron_Icon	Wooden Treasure Chest : Ruby
TBox_Field_Iron_Icon	Wooden Treasure Chest : Sapphire
TBox_Field_Iron_Icon	Wooden Treasure Chest : Shield of the Mind's Eye
TBox_Field_Iron_Icon	Wooden Treasure Chest : Silver Rupee
TBox_Field_Iron_Icon	Wooden Treasure Chest : Soldier's Broadsword
TBox_Field_Iron_Icon	Wooden Treasure Chest : Soldier's Claymore
TBox_Field_Iron_Icon	Wooden Treasure Chest : Soldiers Bow
TBox_Field_Iron_Icon	Wooden Treasure Chest : Soldiers Shield
TBox_Field_Iron_Icon	Wooden Treasure Chest : Spiked Boko Bow
TBox_Field_Iron_Icon	Wooden Treasure Chest : Spiked Boko Shield
TBox_Field_Iron_Icon	Wooden Treasure Chest : Steel Lizal Bow
TBox_Field_Iron_Icon	Wooden Treasure Chest : Steel Lizal Shield
TBox_Field_Iron_Icon	Wooden Treasure Chest : Strengthened Lizal Bow
TBox_Field_Iron_Icon	Wooden Treasure Chest : Strong Zonaite Sword
TBox_Field_Iron_Icon	Wooden Treasure Chest : Swallow Bow
TBox_Field_Iron_Icon	Wooden Treasure Chest : Topaz
TBox_Field_Iron_Icon	Wooden Treasure Chest : Traveler's Bow
TBox_Field_Iron_Icon	Wooden Treasure Chest : Traveler's Sword
TBox_Field_Iron_Icon	Wooden Treasure Chest : Zora Longsword
TBox_Field_Iron_Icon	Wooden Treasure Chest : Zora Shield
TBox_Field_Iron_Icon	Wooden Treasure Chest : Zora Sword
WaterFruit	Splash Fruit
Weapon_Bow_001	Bokoblin : Traveler's Bow
Weapon_Bow_001	Moblin : Traveler's Bow
Weapon_Bow_001	Stone Treasure Chest : Traveler's Bow
Weapon_Bow_001	Traveler's Bow
Weapon_Bow_002	Blue Bokoblin : Soldiers Bow
Weapon_Bow_002	Blue Bokoblin : Soldiers Bow : Fire Fruit
Weapon_Bow_002	Blue Lizalfos : Soldiers Bow
Weapon_Bow_002	Soldiers Bow
Weapon_Bow_002	Stone Treasure Chest : Soldiers Bow
Weapon_Bow_003	Blue Bokoblin : Spiked Boko Bow
Weapon_Bow_003	Blue Bokoblin : Spiked Boko Bow : Fire Fruit
Weapon_Bow_003	Blue Bokoblin : Spiked Boko Bow : Ice Fruit
Weapon_Bow_003	Blue Bokoblin : Spiked Boko Bow : Shock Fruit
Weapon_Bow_003	Bokoblin : Spiked Boko Bow
Weapon_Bow_003	Spiked Boko Bow
Weapon_Bow_003	Stalkoblin : Spiked Boko Bow
Weapon_Bow_003	Stalkoblin : Spiked Boko Bow : Red Chuchu Jelly
Weapon_Bow_003	Stalkoblin : Spiked Boko Bow : Yellow Chuchu Jelly
Weapon_Bow_003	Stone Treasure Chest : Spiked Boko Bow
Weapon_Bow_004	Boko Bow
Weapon_Bow_004	Bokoblin : Boko Bow
Weapon_Bow_004	Bokoblin : Boko Bow : Fire Fruit
Weapon_Bow_004	Stalkoblin : Boko Bow
Weapon_Bow_006	Fire-Breath Lizalfos : Lizal Bow
Weapon_Bow_006	Ice-Breath Lizalfos : Lizal Bow
Weapon_Bow_006	Lizal Bow
Weapon_Bow_006	Lizalfos : Lizal Bow
Weapon_Bow_006	Lizalfos : Lizal Bow : Fire Fruit
Weapon_Bow_009	Lynel Bow : Soldier's Broadsword : Lynel Shield
Weapon_Bow_009	Lynel Bow : Soldier's Claymore
Weapon_Bow_011	Blue Lizalfos : Strengthened Lizal Bow
Weapon_Bow_011	Blue Lizalfos : Strengthened Lizal Bow : Fire Fruit
Weapon_Bow_011	Blue Lizalfos : Strengthened Lizal Bow : Ice Fruit
Weapon_Bow_011	Stone Treasure Chest : Strengthened Lizal Bow
Weapon_Bow_011	Strengthened Lizal Bow
Weapon_Bow_013	Forest Dweller's Bow
Weapon_Bow_014	Stone Treasure Chest : Zora Bow
Weapon_Bow_015	Gerudo Bow
Weapon_Bow_015	Stone Treasure Chest : Gerudo Bow
Weapon_Bow_016	Harth : Swallow Bow
Weapon_Bow_016	Stone Treasure Chest : Swallow Bow
Weapon_Bow_016	Swallow Bow
Weapon_Bow_017	Stone Treasure Chest : Falcon Bow
Weapon_Bow_026	Mighty Lynel Bow : Knight's Claymore
Weapon_Bow_026	Mighty Lynel Bow : Knight's Halberd
Weapon_Bow_026	Mighty Lynel Bow : Soldier's Broadsword : Mighty Lynel Shield
Weapon_Bow_027	Dragonbone Boko Bow
Weapon_Bow_027	Stalkoblin : Dragonbone Boko Bow
Weapon_Bow_027	Stalkoblin : Dragonbone Boko Bow : Yellow Chuchu Jelly
Weapon_Bow_028	Teba : Great Eagle Bow
Weapon_Bow_029	Stone Treasure Chest : Phrenic Bow
Weapon_Bow_032	Savage Lynel Bow : Royal Claymore
Weapon_Bow_032	Savage Lynel Bow : Royal Halberd
Weapon_Bow_033	Royal Guard's Bow
Weapon_Bow_033	Stone Treasure Chest : Royal Guard's Bow
Weapon_Bow_035	Knight's Bow
Weapon_Bow_035	Stone Treasure Chest : Knight's Bow
Weapon_Bow_035	Wooden Treasure Chest : Knight's Bow
Weapon_Bow_036	Royal Bow
Weapon_Bow_036	Stone Treasure Chest : Royal Bow
Weapon_Bow_038	Wooden Bow
Weapon_Bow_040	Duplex Bow
Weapon_Bow_040	Wooden Box : Duplex Bow
Weapon_Bow_040	Yiga Footsoldier : Duplex Bow
Weapon_Bow_072	Dusk Bow
Weapon_Bow_101	Stone Treasure Chest : Zonaite Bow
Weapon_Bow_104	Soldier Construct I : Construct Bow
Weapon_Bow_104	Stone Treasure Chest : Construct Bow
Weapon_Bow_105	Stone Treasure Chest : Strong Construct Bow
Weapon_Bow_105	Strong Construct Bow
Weapon_Bow_106	Mighty Construct Bow
Weapon_Bow_107	Old Wooden Bow
Weapon_Bow_107	Ranger Construct : Old Wooden Bow
Weapon_Lsword_020	Rusty Claymore
Weapon_Lsword_020	Stalkoblin : Rusty Claymore
Weapon_Lsword_020	Stalmoblin : Rusty Claymore
Weapon_Lsword_020	Stalmoblin : Rusty Claymore : Black Moblin Horn
Weapon_Lsword_038	Boat Oar
Weapon_Lsword_041	Stone Treasure Chest : Eightfold Longblade
Weapon_Lsword_045	Farming Hoe
Weapon_Lsword_054	Boulder Breaker
Weapon_Lsword_057	Stone Treasure Chest : Dusk Claymore
Weapon_Lsword_059	Enemy Treasure Chest : Biggoron's Sword
Weapon_Lsword_101	Stone Treasure Chest : Zonaite Longsword
Weapon_Lsword_101	Zonaite Longsword
Weapon_Lsword_103	Karson : Thick Stick
Weapon_Lsword_103	Stalmoblin : Thick Stick
Weapon_Lsword_103	Thick Stick
Weapon_Lsword_106	Fire-Breath Lizalfos : Traveler's Claymore
Weapon_Lsword_106	Stalkoblin : Traveler's Claymore
Weapon_Lsword_106	Stone Treasure Chest : Traveler's Claymore
Weapon_Lsword_106	Traveler's Claymore
Weapon_Lsword_108	Stalkoblin : Sturdy Thick Stick
Weapon_Lsword_108	Sturdy Thick Stick
Weapon_Lsword_112	Ice-Breath Lizalfos : Soldier's Claymore
Weapon_Lsword_112	Soldier's Claymore
Weapon_Lsword_112	Stalkoblin : Soldier's Claymore
Weapon_Lsword_112	Stone Treasure Chest : Soldier's Claymore
Weapon_Lsword_113	Knight's Claymore
Weapon_Lsword_113	Stalmoblin : Knight's Claymore
Weapon_Lsword_113	Stone Treasure Chest : Knight's Claymore
Weapon_Lsword_114	Eightfold Longblade
Weapon_Lsword_114	Stone Treasure Chest : Eightfold Longblade
Weapon_Lsword_114	Yiga Blademaster : Eightfold Longblade
Weapon_Lsword_124	Royal Claymore
Weapon_Lsword_124	Stone Treasure Chest : Royal Claymore
Weapon_Lsword_127	Stone Treasure Chest : Zora Longsword
Weapon_Lsword_127	Zora Longsword
Weapon_Lsword_129	Buliara : Gerudo Claymore
Weapon_Lsword_129	Buliara : Gerudo Claymore : Farosh's Horn
Weapon_Lsword_129	Gerudo Claymore
Weapon_Lsword_136	Cobble Crusher
Weapon_Lsword_136	Stone Treasure Chest : Cobble Crusher
Weapon_Lsword_147	Royal Guard's Claymore
Weapon_Lsword_147	Stone Treasure Chest : Royal Guard's Claymore
Weapon_Lsword_163	Enemy Treasure Chest : Strong Zonaite Longsword
Weapon_Lsword_163	Strong Zonaite Longsword
Weapon_Lsword_164	Mighty Zonaite Longsword
Weapon_Lsword_164	Stone Treasure Chest : Mighty Zonaite Longsword
Weapon_Lsword_168	Thick Stick
Weapon_Lsword_174	Giant Boomerang
Weapon_Shield_001	Derbos : Wooden Shield
Weapon_Shield_001	Gartan : Wooden Shield
Weapon_Shield_001	Jini : Wooden Shield
Weapon_Shield_001	Sawtu : Wooden Shield
Weapon_Shield_001	Straia : Wooden Shield
Weapon_Shield_001	Wooden Shield
Weapon_Shield_002	Soldiers Shield
Weapon_Shield_002	Stone Treasure Chest : Soldiers Shield
Weapon_Shield_003	Knight's Shield
Weapon_Shield_003	Raseno : Knight's Shield
Weapon_Shield_003	Stone Treasure Chest : Knight's Shield
Weapon_Shield_004	Boko Shield
Weapon_Shield_005	Spiked Boko Shield
Weapon_Shield_006	Dragonbone Boko Shield
Weapon_Shield_007	Lizal Shield
Weapon_Shield_008	Reinforced Lizal Shield
Weapon_Shield_021	Rusty Shield
Weapon_Shield_021	Stone Treasure Chest : Rusty Shield
Weapon_Shield_022	Royal Shield
Weapon_Shield_022	Stone Treasure Chest : Royal Shield
Weapon_Shield_023	Forest Dweller's Shield
Weapon_Shield_025	Stone Treasure Chest : Zora Shield
Weapon_Shield_026	Gerudo Shield
Weapon_Shield_026	Stone Treasure Chest : Gerudo Shield
Weapon_Shield_030	Stone Treasure Chest : Hylian Shield
Weapon_Shield_031	Hunter's Shield
Weapon_Shield_032	Fisherman's Shield
Weapon_Shield_032	Nazbi : Fisherman's Shield
Weapon_Shield_032	Spinch : Fisherman's Shield
Weapon_Shield_032	Totsuna : Fisherman's Shield
Weapon_Shield_033	Royal Guard's Shield
Weapon_Shield_035	Drant : Traveler's Shield
Weapon_Shield_035	Sango : Traveler's Shield
Weapon_Shield_035	Stone Treasure Chest : Traveler's Shield
Weapon_Shield_035	Traveler's Shield
Weapon_Shield_036	Radiant Shield
Weapon_Shield_036	Stone Treasure Chest : Radiant Shield
Weapon_Shield_036	Teake : Radiant Shield
Weapon_Shield_040	Pot Lid
Weapon_Shield_041	Stone Treasure Chest : Shield of the Mind's Eye
Weapon_Shield_042	Stone Treasure Chest : Kite Shield
Weapon_Shield_057	Stone Treasure Chest : Sea-Breeze Shield
Weapon_Shield_101	Stone Treasure Chest : Zonaite Shield
Weapon_Shield_101	Zonaite Shield
Weapon_Shield_102	Stone Treasure Chest : Strong Zonaite Shield
Weapon_Shield_102	Strong Zonaite Shield
Weapon_Shield_103	Mighty Zonaite Shield
Weapon_Shield_103	Stone Treasure Chest : Mighty Zonaite Shield
Weapon_Shield_107	Old Wooden Shield
Weapon_Spear_021	Burwar : Rusty Halberd
Weapon_Spear_021	Coppora : Rusty Halberd
Weapon_Spear_021	Oliff : Rusty Halberd
Weapon_Spear_021	Rusty Halberd
Weapon_Spear_021	Stalkoblin : Rusty Halberd
Weapon_Spear_021	Stalmoblin : Rusty Halberd : Black Moblin Horn
Weapon_Spear_022	Farmer's Pitchfork
Weapon_Spear_022	Siceno : Farmer's Pitchfork
Weapon_Spear_036	Wooden Mop
Weapon_Spear_038	Fishing Harpoon
Weapon_Spear_101	Stone Treasure Chest : Zonaite Spear
Weapon_Spear_101	Zonaite Spear
Weapon_Spear_103	Long Stick
Weapon_Spear_103	Mondi : Long Stick
Weapon_Spear_103	Stalkoblin : Long Stick
Weapon_Spear_106	Drozer : Traveler's Spear
Weapon_Spear_106	Fire-Breath Lizalfos : Traveler's Spear
Weapon_Spear_106	Monte : Traveler's Spear
Weapon_Spear_106	Sharce : Traveler's Spear : Fire Keese Wing
Weapon_Spear_106	Stalkoblin : Traveler's Spear
Weapon_Spear_106	Traveler's Spear
Weapon_Spear_108	Stalkoblin : Sturdy Long Stick
Weapon_Spear_108	Stone Treasure Chest : Sturdy Long Stick
Weapon_Spear_108	Sturdy Long Stick
Weapon_Spear_109	Stone Treasure Chest : Gnarled Long Stick
Weapon_Spear_112	Blue Bokoblin : Soldier's Spear
Weapon_Spear_112	Fire-Breath Lizalfos : Soldier's Spear
Weapon_Spear_112	Ice-Breath Lizalfos : Soldier's Spear
Weapon_Spear_112	Soldier's Spear
Weapon_Spear_112	Stalkoblin : Soldier's Spear
Weapon_Spear_112	Stone Treasure Chest : Soldier's Spear
Weapon_Spear_113	Knight's Halberd
Weapon_Spear_113	Stone Treasure Chest : Knight's Halberd
Weapon_Spear_124	Royal Halberd
Weapon_Spear_124	Stone Treasure Chest : Royal Halberd
Weapon_Spear_125	Forest Dweller's Spear
Weapon_Spear_125	Stalmoblin : Forest Dweller's Spear
Weapon_Spear_125	Stone Treasure Chest : Forest Dweller's Spear
Weapon_Spear_129	Gerudo Spear
Weapon_Spear_147	Royal Guard's Spear
Weapon_Spear_147	Sharce : Royal Guard's Spear : Fire Keese Wing
Weapon_Spear_147	Stone Treasure Chest : Royal Guard's Spear
Weapon_Spear_147	Yutas : Royal Guard's Spear : Blue Bokoblin Horn
Weapon_Spear_147	Yutas : Royal Guard's Spear : Bokoblin Horn
Weapon_Spear_163	Enemy Treasure Chest : Strong Zonaite Spear
Weapon_Spear_163	Stone Treasure Chest : Strong Zonaite Spear
Weapon_Spear_163	Strong Zonaite Spear
Weapon_Spear_164	Mighty Zonaite Spear
Weapon_Spear_164	Stone Treasure Chest : Mighty Zonaite Spear
Weapon_Spear_168	Long Stick
Weapon_Spear_173	Stalkoblin : Throwing Spear
Weapon_Spear_173	Throwing Spear
Weapon_Sword_021	Raffa : Rusty Broadsword : Black Bokoblin Horn : Knight's Shield
Weapon_Sword_021	Rusty Broadsword
Weapon_Sword_021	Rusty Broadsword : Knight's Shield
Weapon_Sword_021	Rusty Broadsword : Lizal Shield
Weapon_Sword_021	Sawtu : Rusty Broadsword : Knight's Shield
Weapon_Sword_021	Stalkoblin : Rusty Broadsword
Weapon_Sword_021	Stalkoblin : Rusty Broadsword : Rusty Shield
Weapon_Sword_021	Ventry : Rusty Broadsword : Black Bokoblin Horn : Lizal Shield
Weapon_Sword_021	Wingo : Rusty Broadsword : Lizal Shield
Weapon_Sword_022	Culinary Construct : Soup Ladle
Weapon_Sword_022	Soup Ladle
Weapon_Sword_043	Torch
Weapon_Sword_044	Flahva : Tree Branch : Bokoblin Horn : Wooden Shield
Weapon_Sword_044	Purpen : Tree Branch : Bokoblin Horn
Weapon_Sword_044	Sanov : Tree Branch : Pot Lid
Weapon_Sword_044	Tree Branch
Weapon_Sword_044	Tree Branch : Bokoblin Horn
Weapon_Sword_044	Tree Branch : Bokoblin Horn : Wooden Shield
Weapon_Sword_058	Stone Treasure Chest : Sword of the Hero
Weapon_Sword_059	Stone Treasure Chest : Sea-Breeze Boomerang
Weapon_Sword_101	Stone Treasure Chest : Zonaite Sword
Weapon_Sword_101	Zonaite Sword
Weapon_Sword_103	Blue Bokoblin : Wooden Stick
Weapon_Sword_103	Blue Bokoblin : Wooden Stick : Korok Frond
Weapon_Sword_103	Bokoblin : Wooden Stick
Weapon_Sword_103	Bokoblin : Wooden Stick : Korok Frond
Weapon_Sword_103	Hamata : Wooden Stick : Wooden Shield
Weapon_Sword_103	Landi : Wooden Stick : Wooden Shield
Weapon_Sword_103	Stalkoblin : Wooden Stick : Spiked Boko Shield
Weapon_Sword_103	Stone Treasure Chest : Wooden Stick
Weapon_Sword_103	Wingo : Wooden Stick : Wooden Shield
Weapon_Sword_103	Wooden Stick
Weapon_Sword_105	Boomerang
Weapon_Sword_106	Blue Bokoblin : Traveler's Sword
Weapon_Sword_106	Fire-Breath Lizalfos : Traveler's Sword
Weapon_Sword_106	Traveler's Sword
Weapon_Sword_106	Traveler's Sword : Spiked Boko Shield
Weapon_Sword_107	Lizal Boomerang
Weapon_Sword_107	Stone Treasure Chest : Lizal Boomerang
Weapon_Sword_108	Blue Bokoblin : Sturdy Wooden Stick
Weapon_Sword_108	Blue Bokoblin : Sturdy Wooden Stick : Korok Frond
Weapon_Sword_108	Stalkoblin : Sturdy Wooden Stick
Weapon_Sword_108	Stalkoblin : Sturdy Wooden Stick : Spiked Boko Shield
Weapon_Sword_108	Stone Treasure Chest : Sturdy Wooden Stick
Weapon_Sword_108	Sturdy Wooden Stick
Weapon_Sword_109	Stalmoblin : Gnarled Wooden Stick
Weapon_Sword_112	Aja : Soldier's Broadsword : Soldiers Shield
Weapon_Sword_112	Blue Bokoblin : Soldier's Broadsword
Weapon_Sword_112	Blue Lizalfos : Soldier's Broadsword
Weapon_Sword_112	Chabi : Soldier's Broadsword : Bokoblin Horn : Soldiers Shield
Weapon_Sword_112	Fire-Breath Lizalfos : Soldier's Broadsword
Weapon_Sword_112	Ice-Breath Lizalfos : Soldier's Broadsword
Weapon_Sword_112	Soldier's Broadsword
Weapon_Sword_112	Stone Treasure Chest : Soldier's Broadsword
Weapon_Sword_113	Knight's Broadsword
Weapon_Sword_113	Stone Treasure Chest : Knight's Broadsword
Weapon_Sword_114	Eightfold Blade
Weapon_Sword_114	Stone Treasure Chest : Eightfold Blade
Weapon_Sword_114	Yiga Footsoldier : Eightfold Blade
Weapon_Sword_124	Black Boss Bokoblin : Royal Broadsword
Weapon_Sword_124	Royal Broadsword
Weapon_Sword_124	Stone Treasure Chest : Royal Broadsword
Weapon_Sword_125	Forest Dweller's Sword
Weapon_Sword_125	Stone Treasure Chest : Forest Dweller's Sword
Weapon_Sword_127	Stone Treasure Chest : Zora Sword
Weapon_Sword_129	Gerudo Scimitar
Weapon_Sword_129	Stone Treasure Chest : Gerudo Scimitar
Weapon_Sword_131	Stone Treasure Chest : Feathered Edge
Weapon_Sword_147	Royal Guard's Sword
Weapon_Sword_147	Stone Treasure Chest : Royal Guard's Sword
Weapon_Sword_161	Stone Treasure Chest : Magic Rod
Weapon_Sword_163	Stone Treasure Chest : Strong Zonaite Sword
Weapon_Sword_163	Strong Zonaite Sword
Weapon_Sword_164	Mighty Zonaite Sword
Weapon_Sword_164	Stone Treasure Chest : Mighty Zonaite Sword
Weapon_Sword_167	Soldier Construct I : Tree Branch
Weapon_Sword_167	Tree Branch
Weapon_Sword_168	Maker Construct : Wooden Stick
Weapon_Sword_168	Mining Construct : Wooden Stick
Weapon_Sword_168	Stone Treasure Chest : Wooden Stick
Weapon_Sword_168	Wooden Stick
